pickup_zone,pickup_hour_ts,predicted_demand,actual_demand
100,2022-02-01 00:00:00 UTC,27.624153137207031,17
107,2022-02-01 00:00:00 UTC,18.417703628540039,27
112,2022-02-01 00:00:00 UTC,5.1959061622619629,1
113,2022-02-01 00:00:00 UTC,19.680381774902344,13
114,2022-02-01 00:00:00 UTC,41.729183197021484,29
116,2022-02-01 00:00:00 UTC,2.4635965824127197,3
125,2022-02-01 00:00:00 UTC,6.3007698059082031,4
129,2022-02-01 00:00:00 UTC,4.4797821044921875,1
13,2022-02-01 00:00:00 UTC,1.9733140468597412,2
132,2022-02-01 00:00:00 UTC,228.08088684082031,179
137,2022-02-01 00:00:00 UTC,15.4943208694458,18
138,2022-02-01 00:00:00 UTC,127.20989227294922,84
140,2022-02-01 00:00:00 UTC,12.898170471191406,15
141,2022-02-01 00:00:00 UTC,26.74531364440918,30
142,2022-02-01 00:00:00 UTC,29.001565933227539,23
143,2022-02-01 00:00:00 UTC,9.3839912414550781,11
144,2022-02-01 00:00:00 UTC,10.757046699523926,16
148,2022-02-01 00:00:00 UTC,22.380649566650391,15
151,2022-02-01 00:00:00 UTC,4.6563963890075684,9
152,2022-02-01 00:00:00 UTC,2.7834622859954834,1
158,2022-02-01 00:00:00 UTC,14.113537788391113,11
161,2022-02-01 00:00:00 UTC,33.7985725402832,30
162,2022-02-01 00:00:00 UTC,39.907081604003906,18
163,2022-02-01 00:00:00 UTC,35.065166473388672,23
164,2022-02-01 00:00:00 UTC,25.46038818359375,25
166,2022-02-01 00:00:00 UTC,4.8736982345581055,3
17,2022-02-01 00:00:00 UTC,4.4797821044921875,1
170,2022-02-01 00:00:00 UTC,15.089244842529297,22
173,2022-02-01 00:00:00 UTC,5.40473747253418,1
181,2022-02-01 00:00:00 UTC,4.4797821044921875,1
186,2022-02-01 00:00:00 UTC,65.116447448730469,50
209,2022-02-01 00:00:00 UTC,2.0673379898071289,2
211,2022-02-01 00:00:00 UTC,11.635886192321777,11
218,2022-02-01 00:00:00 UTC,7.0569710731506348,1
224,2022-02-01 00:00:00 UTC,3.4872896671295166,5
226,2022-02-01 00:00:00 UTC,4.3857579231262207,3
229,2022-02-01 00:00:00 UTC,17.332077026367188,13
230,2022-02-01 00:00:00 UTC,39.928321838378906,33
231,2022-02-01 00:00:00 UTC,14.609946250915527,6
232,2022-02-01 00:00:00 UTC,2.4635965824127197,1
233,2022-02-01 00:00:00 UTC,9.1479043960571289,14
234,2022-02-01 00:00:00 UTC,36.88726806640625,24
236,2022-02-01 00:00:00 UTC,16.029300689697266,6
237,2022-02-01 00:00:00 UTC,34.118995666503906,22
238,2022-02-01 00:00:00 UTC,12.467440605163574,12
239,2022-02-01 00:00:00 UTC,13.807706832885742,17
24,2022-02-01 00:00:00 UTC,4.6779236793518066,3
244,2022-02-01 00:00:00 UTC,1.9733140468597412,1
246,2022-02-01 00:00:00 UTC,10.679346084594727,8
249,2022-02-01 00:00:00 UTC,41.718044281005859,47
25,2022-02-01 00:00:00 UTC,4.4797821044921875,1
256,2022-02-01 00:00:00 UTC,4.8760404586791992,1
260,2022-02-01 00:00:00 UTC,4.4797821044921875,1
261,2022-02-01 00:00:00 UTC,3.9799723625183105,1
262,2022-02-01 00:00:00 UTC,5.5659012794494629,2
263,2022-02-01 00:00:00 UTC,17.828714370727539,23
264,2022-02-01 00:00:00 UTC,13.24919319152832,12
265,2022-02-01 00:00:00 UTC,3.2638487815856934,4
36,2022-02-01 00:00:00 UTC,7.0569710731506348,1
4,2022-02-01 00:00:00 UTC,2.9630284309387207,3
40,2022-02-01 00:00:00 UTC,4.4797821044921875,1
41,2022-02-01 00:00:00 UTC,3.940272331237793,5
42,2022-02-01 00:00:00 UTC,2.0673379898071289,3
43,2022-02-01 00:00:00 UTC,6.3007698059082031,3
45,2022-02-01 00:00:00 UTC,2.7834622859954834,2
48,2022-02-01 00:00:00 UTC,46.356491088867188,53
50,2022-02-01 00:00:00 UTC,8.7916183471679688,5
65,2022-02-01 00:00:00 UTC,6.962946891784668,1
68,2022-02-01 00:00:00 UTC,44.082935333251953,45
7,2022-02-01 00:00:00 UTC,8.16434097290039,3
70,2022-02-01 00:00:00 UTC,11.849196434020996,3
74,2022-02-01 00:00:00 UTC,8.7916183471679688,3
75,2022-02-01 00:00:00 UTC,8.8779592514038086,2
77,2022-02-01 00:00:00 UTC,5.40473747253418,1
79,2022-02-01 00:00:00 UTC,45.810173034667969,32
87,2022-02-01 00:00:00 UTC,8.3791513442993164,4
88,2022-02-01 00:00:00 UTC,5.7569098472595215,1
90,2022-02-01 00:00:00 UTC,42.042964935302734,30
100,2022-02-01 01:00:00 UTC,10.333034515380859,7
107,2022-02-01 01:00:00 UTC,13.647830963134766,12
113,2022-02-01 01:00:00 UTC,7.0168938636779785,12
114,2022-02-01 01:00:00 UTC,16.036233901977539,21
116,2022-02-01 01:00:00 UTC,2.4635965824127197,1
125,2022-02-01 01:00:00 UTC,3.2638487815856934,5
132,2022-02-01 01:00:00 UTC,140.4815673828125,89
137,2022-02-01 01:00:00 UTC,10.270347595214844,12
138,2022-02-01 01:00:00 UTC,26.217544555664062,13
140,2022-02-01 01:00:00 UTC,8.0767154693603516,8
141,2022-02-01 01:00:00 UTC,14.7334566116333,4
142,2022-02-01 01:00:00 UTC,11.615775108337402,9
143,2022-02-01 01:00:00 UTC,6.3007698059082031,3
144,2022-02-01 01:00:00 UTC,10.100115776062012,4
145,2022-02-01 01:00:00 UTC,4.4797821044921875,1
146,2022-02-01 01:00:00 UTC,4.4797821044921875,1
148,2022-02-01 01:00:00 UTC,8.9505863189697266,20
151,2022-02-01 01:00:00 UTC,5.0858373641967773,3
158,2022-02-01 01:00:00 UTC,6.7356209754943848,4
161,2022-02-01 01:00:00 UTC,14.024858474731445,7
162,2022-02-01 01:00:00 UTC,10.679346084594727,5
163,2022-02-01 01:00:00 UTC,13.684196472167969,9
164,2022-02-01 01:00:00 UTC,13.275197982788086,6
166,2022-02-01 01:00:00 UTC,2.4635965824127197,1
168,2022-02-01 01:00:00 UTC,4.4797821044921875,1
170,2022-02-01 01:00:00 UTC,13.635042190551758,10
186,2022-02-01 01:00:00 UTC,24.745149612426758,15
190,2022-02-01 01:00:00 UTC,5.40473747253418,2
211,2022-02-01 01:00:00 UTC,7.0168938636779785,3
216,2022-02-01 01:00:00 UTC,4.4797821044921875,1
225,2022-02-01 01:00:00 UTC,4.4797821044921875,1
229,2022-02-01 01:00:00 UTC,7.46837043762207,14
230,2022-02-01 01:00:00 UTC,18.775869369506836,21
231,2022-02-01 01:00:00 UTC,3.9617996215820312,8
233,2022-02-01 01:00:00 UTC,8.0015420913696289,6
234,2022-02-01 01:00:00 UTC,13.705435752868652,14
236,2022-02-01 01:00:00 UTC,4.0369729995727539,4
237,2022-02-01 01:00:00 UTC,13.120849609375,5
238,2022-02-01 01:00:00 UTC,7.0168938636779785,8
239,2022-02-01 01:00:00 UTC,9.4591646194458,8
24,2022-02-01 01:00:00 UTC,2.4635965824127197,1
244,2022-02-01 01:00:00 UTC,2.0673379898071289,2
246,2022-02-01 01:00:00 UTC,5.5481314659118652,1
249,2022-02-01 01:00:00 UTC,26.724075317382812,32
261,2022-02-01 01:00:00 UTC,2.0673379898071289,1
263,2022-02-01 01:00:00 UTC,13.672832489013672,18
264,2022-02-01 01:00:00 UTC,6.3007698059082031,8
37,2022-02-01 01:00:00 UTC,4.4797821044921875,1
4,2022-02-01 01:00:00 UTC,3.1797208786010742,4
41,2022-02-01 01:00:00 UTC,4.6779236793518066,2
42,2022-02-01 01:00:00 UTC,2.4635965824127197,2
43,2022-02-01 01:00:00 UTC,2.4635965824127197,1
45,2022-02-01 01:00:00 UTC,1.9733140468597412,3
48,2022-02-01 01:00:00 UTC,35.196720123291016,45
50,2022-02-01 01:00:00 UTC,7.4686574935913086,3
68,2022-02-01 01:00:00 UTC,24.7503604888916,11
7,2022-02-01 01:00:00 UTC,7.4532294273376465,2
70,2022-02-01 01:00:00 UTC,8.16434097290039,8
75,2022-02-01 01:00:00 UTC,4.5505027770996094,1
79,2022-02-01 01:00:00 UTC,19.474794387817383,15
90,2022-02-01 01:00:00 UTC,13.682215690612793,16
100,2022-02-01 02:00:00 UTC,4.3209905624389648,8
107,2022-02-01 02:00:00 UTC,7.39761209487915,7
112,2022-02-01 02:00:00 UTC,5.4694962501525879,1
113,2022-02-01 02:00:00 UTC,7.0168938636779785,3
114,2022-02-01 02:00:00 UTC,11.225729942321777,2
125,2022-02-01 02:00:00 UTC,3.9617996215820312,2
132,2022-02-01 02:00:00 UTC,43.5205078125,48
134,2022-02-01 02:00:00 UTC,7.0569710731506348,1
137,2022-02-01 02:00:00 UTC,6.3759431838989258,11
138,2022-02-01 02:00:00 UTC,5.0316753387451172,4
140,2022-02-01 02:00:00 UTC,4.494713306427002,7
141,2022-02-01 02:00:00 UTC,4.3606905937194824,6
142,2022-02-01 02:00:00 UTC,5.1610107421875,6
143,2022-02-01 02:00:00 UTC,2.4635965824127197,4
144,2022-02-01 02:00:00 UTC,3.2638487815856934,1
148,2022-02-01 02:00:00 UTC,15.18153190612793,9
158,2022-02-01 02:00:00 UTC,3.7632803916931152,1
161,2022-02-01 02:00:00 UTC,4.3209905624389648,2
162,2022-02-01 02:00:00 UTC,3.9617996215820312,9
163,2022-02-01 02:00:00 UTC,5.1070766448974609,4
164,2022-02-01 02:00:00 UTC,4.3425178527832031,12
166,2022-02-01 02:00:00 UTC,2.0673379898071289,3
168,2022-02-01 02:00:00 UTC,4.4797821044921875,1
17,2022-02-01 02:00:00 UTC,4.4797821044921875,1
170,2022-02-01 02:00:00 UTC,5.1070766448974609,6
186,2022-02-01 02:00:00 UTC,8.7389059066772461,15
211,2022-02-01 02:00:00 UTC,3.3932657241821289,2
229,2022-02-01 02:00:00 UTC,9.0983848571777344,6
230,2022-02-01 02:00:00 UTC,12.372092247009277,9
231,2022-02-01 02:00:00 UTC,4.4195399284362793,1
232,2022-02-01 02:00:00 UTC,2.0673379898071289,1
233,2022-02-01 02:00:00 UTC,3.9830386638641357,2
234,2022-02-01 02:00:00 UTC,8.0227813720703125,2
236,2022-02-01 02:00:00 UTC,4.0551457405090332,2
237,2022-02-01 02:00:00 UTC,4.6779236793518066,1
238,2022-02-01 02:00:00 UTC,4.4195399284362793,4
239,2022-02-01 02:00:00 UTC,4.494713306427002,3
24,2022-02-01 02:00:00 UTC,2.0673379898071289,1
246,2022-02-01 02:00:00 UTC,3.0570523738861084,3
249,2022-02-01 02:00:00 UTC,19.701620101928711,17
261,2022-02-01 02:00:00 UTC,2.0673379898071289,1
263,2022-02-01 02:00:00 UTC,10.270347595214844,10
264,2022-02-01 02:00:00 UTC,4.4195399284362793,2
265,2022-02-01 02:00:00 UTC,3.7632803916931152,3
4,2022-02-01 02:00:00 UTC,3.7632803916931152,2
41,2022-02-01 02:00:00 UTC,1.9733140468597412,2
42,2022-02-01 02:00:00 UTC,1.9733140468597412,1
43,2022-02-01 02:00:00 UTC,2.0673379898071289,1
48,2022-02-01 02:00:00 UTC,24.7503604888916,12
50,2022-02-01 02:00:00 UTC,5.540217399597168,4
61,2022-02-01 02:00:00 UTC,7.0569710731506348,1
68,2022-02-01 02:00:00 UTC,7.0381331443786621,12
7,2022-02-01 02:00:00 UTC,6.962946891784668,1
74,2022-02-01 02:00:00 UTC,5.7569098472595215,2
75,2022-02-01 02:00:00 UTC,4.6445269584655762,4
79,2022-02-01 02:00:00 UTC,8.9505863189697266,16
87,2022-02-01 02:00:00 UTC,5.8410377502441406,1
88,2022-02-01 02:00:00 UTC,4.6445269584655762,1
90,2022-02-01 02:00:00 UTC,10.262275695800781,14
100,2022-02-01 03:00:00 UTC,4.494713306427002,4
107,2022-02-01 03:00:00 UTC,4.0154457092285156,3
113,2022-02-01 03:00:00 UTC,2.4635965824127197,1
114,2022-02-01 03:00:00 UTC,1.9945530891418457,7
116,2022-02-01 03:00:00 UTC,2.0673379898071289,1
132,2022-02-01 03:00:00 UTC,30.137901306152344,35
137,2022-02-01 03:00:00 UTC,6.3759431838989258,4
140,2022-02-01 03:00:00 UTC,4.0154457092285156,3
141,2022-02-01 03:00:00 UTC,4.6233916282653809,1
145,2022-02-01 03:00:00 UTC,5.1959061622619629,1
148,2022-02-01 03:00:00 UTC,5.1610107421875,4
151,2022-02-01 03:00:00 UTC,2.4635965824127197,1
152,2022-02-01 03:00:00 UTC,2.0673379898071289,2
161,2022-02-01 03:00:00 UTC,2.3540318012237549,2
162,2022-02-01 03:00:00 UTC,5.1070766448974609,3
163,2022-02-01 03:00:00 UTC,3.2850878238677979,8
164,2022-02-01 03:00:00 UTC,9.2022085189819336,7
170,2022-02-01 03:00:00 UTC,4.7530970573425293,3
186,2022-02-01 03:00:00 UTC,8.8798274993896484,11
211,2022-02-01 03:00:00 UTC,1.9733140468597412,2
229,2022-02-01 03:00:00 UTC,4.3425178527832031,3
230,2022-02-01 03:00:00 UTC,5.9641218185424805,10
231,2022-02-01 03:00:00 UTC,2.0885770320892334,1
233,2022-02-01 03:00:00 UTC,1.7616708278656006,1
234,2022-02-01 03:00:00 UTC,1.7616708278656006,4
236,2022-02-01 03:00:00 UTC,1.7616708278656006,1
238,2022-02-01 03:00:00 UTC,3.2638487815856934,6
239,2022-02-01 03:00:00 UTC,2.251953125,1
24,2022-02-01 03:00:00 UTC,2.0673379898071289,1
244,2022-02-01 03:00:00 UTC,1.9733140468597412,1
246,2022-02-01 03:00:00 UTC,3.1797208786010742,5
249,2022-02-01 03:00:00 UTC,10.262275695800781,11
262,2022-02-01 03:00:00 UTC,1.9733140468597412,2
263,2022-02-01 03:00:00 UTC,6.164909839630127,4
264,2022-02-01 03:00:00 UTC,1.9733140468597412,2
265,2022-02-01 03:00:00 UTC,2.4635965824127197,1
41,2022-02-01 03:00:00 UTC,1.9733140468597412,2
42,2022-02-01 03:00:00 UTC,2.0673379898071289,2
43,2022-02-01 03:00:00 UTC,2.0673379898071289,3
48,2022-02-01 03:00:00 UTC,8.65602970123291,21
50,2022-02-01 03:00:00 UTC,5.8410377502441406,1
55,2022-02-01 03:00:00 UTC,6.962946891784668,1
68,2022-02-01 03:00:00 UTC,7.46837043762207,11
7,2022-02-01 03:00:00 UTC,7.0569710731506348,1
74,2022-02-01 03:00:00 UTC,4.5505027770996094,3
75,2022-02-01 03:00:00 UTC,3.3390214443206787,3
79,2022-02-01 03:00:00 UTC,10.333034515380859,11
83,2022-02-01 03:00:00 UTC,7.0569710731506348,1
87,2022-02-01 03:00:00 UTC,4.6445269584655762,1
88,2022-02-01 03:00:00 UTC,4.6445269584655762,1
90,2022-02-01 03:00:00 UTC,8.7928400039672852,8
100,2022-02-01 04:00:00 UTC,4.15321159362793,6
107,2022-02-01 04:00:00 UTC,3.9393784999847412,4
113,2022-02-01 04:00:00 UTC,2.4821403026580811,1
114,2022-02-01 04:00:00 UTC,8.46748161315918,1
116,2022-02-01 04:00:00 UTC,2.4821403026580811,1
132,2022-02-01 04:00:00 UTC,35.843696594238281,14
135,2022-02-01 04:00:00 UTC,7.8990983963012695,1
14,2022-02-01 04:00:00 UTC,7.471773624420166,1
140,2022-02-01 04:00:00 UTC,4.0690836906433105,7
141,2022-02-01 04:00:00 UTC,2.5512650012969971,11
142,2022-02-01 04:00:00 UTC,4.851163387298584,2
143,2022-02-01 04:00:00 UTC,4.0780391693115234,3
148,2022-02-01 04:00:00 UTC,4.8693361282348633,3
151,2022-02-01 04:00:00 UTC,2.4821403026580811,4
161,2022-02-01 04:00:00 UTC,2.5758607387542725,2
162,2022-02-01 04:00:00 UTC,3.6585042476654053,1
163,2022-02-01 04:00:00 UTC,5.7610044479370117,2
164,2022-02-01 04:00:00 UTC,5.2278022766113281,9
166,2022-02-01 04:00:00 UTC,3.2777864933013916,1
170,2022-02-01 04:00:00 UTC,4.0690836906433105,4
186,2022-02-01 04:00:00 UTC,8.6639041900634766,12
191,2022-02-01 04:00:00 UTC,7.8990983963012695,1
212,2022-02-01 04:00:00 UTC,7.0039372444152832,1
229,2022-02-01 04:00:00 UTC,4.1579365730285645,5
230,2022-02-01 04:00:00 UTC,7.1434259414672852,9
231,2022-02-01 04:00:00 UTC,2.8628580570220947,3
233,2022-02-01 04:00:00 UTC,2.2704973220825195,5
234,2022-02-01 04:00:00 UTC,4.8693361282348633,4
235,2022-02-01 04:00:00 UTC,7.471773624420166,2
236,2022-02-01 04:00:00 UTC,2.9866209030151367,3
237,2022-02-01 04:00:00 UTC,2.5033793449401855,1
238,2022-02-01 04:00:00 UTC,4.7972292900085449,1
239,2022-02-01 04:00:00 UTC,2.9866209030151367,2
24,2022-02-01 04:00:00 UTC,2.4821403026580811,1
244,2022-02-01 04:00:00 UTC,2.4821403026580811,1
246,2022-02-01 04:00:00 UTC,5.1567082405090332,1
249,2022-02-01 04:00:00 UTC,8.4453458786010742,4
261,2022-02-01 04:00:00 UTC,2.4821403026580811,1
262,2022-02-01 04:00:00 UTC,2.7875039577484131,1
263,2022-02-01 04:00:00 UTC,4.4587569236755371,4
265,2022-02-01 04:00:00 UTC,2.4821403026580811,6
38,2022-02-01 04:00:00 UTC,7.8990983963012695,1
39,2022-02-01 04:00:00 UTC,7.471773624420166,1
42,2022-02-01 04:00:00 UTC,2.7875039577484131,2
48,2022-02-01 04:00:00 UTC,18.4458065032959,16
50,2022-02-01 04:00:00 UTC,2.5573129653930664,1
61,2022-02-01 04:00:00 UTC,7.471773624420166,1
65,2022-02-01 04:00:00 UTC,7.471773624420166,1
68,2022-02-01 04:00:00 UTC,8.6639041900634766,2
75,2022-02-01 04:00:00 UTC,3.3529593944549561,2
79,2022-02-01 04:00:00 UTC,8.6189279556274414,9
87,2022-02-01 04:00:00 UTC,5.0593295097351074,1
88,2022-02-01 04:00:00 UTC,5.0593295097351074,1
90,2022-02-01 04:00:00 UTC,6.7649030685424805,4
10,2022-02-01 05:00:00 UTC,4.6810340881347656,1
100,2022-02-01 05:00:00 UTC,16.679037094116211,29
107,2022-02-01 05:00:00 UTC,12.437885284423828,11
11,2022-02-01 05:00:00 UTC,18.016557693481445,1
112,2022-02-01 05:00:00 UTC,5.397158145904541,1
113,2022-02-01 05:00:00 UTC,3.9174063205718994,1
114,2022-02-01 05:00:00 UTC,2.9683997631073,2
116,2022-02-01 05:00:00 UTC,2.9664924144744873,4
125,2022-02-01 05:00:00 UTC,3.2718563079833984,1
127,2022-02-01 05:00:00 UTC,5.4014568328857422,1
129,2022-02-01 05:00:00 UTC,4.6810340881347656,2
131,2022-02-01 05:00:00 UTC,18.016557693481445,1
132,2022-02-01 05:00:00 UTC,37.438980102539062,56
137,2022-02-01 05:00:00 UTC,5.5672388076782227,6
138,2022-02-01 05:00:00 UTC,11.192721366882324,1
140,2022-02-01 05:00:00 UTC,8.2835884094238281,17
141,2022-02-01 05:00:00 UTC,17.517793655395508,19
142,2022-02-01 05:00:00 UTC,3.9898879528045654,10
143,2022-02-01 05:00:00 UTC,6.1971030235290527,3
146,2022-02-01 05:00:00 UTC,7.1159982681274414,1
148,2022-02-01 05:00:00 UTC,4.480170726776123,1
151,2022-02-01 05:00:00 UTC,6.9973549842834473,10
155,2022-02-01 05:00:00 UTC,18.016557693481445,1
161,2022-02-01 05:00:00 UTC,3.9898879528045654,5
162,2022-02-01 05:00:00 UTC,9.6248865127563477,13
163,2022-02-01 05:00:00 UTC,3.5605795383453369,9
164,2022-02-01 05:00:00 UTC,6.4273014068603516,3
166,2022-02-01 05:00:00 UTC,5.4014568328857422,2
170,2022-02-01 05:00:00 UTC,12.437885284423828,8
174,2022-02-01 05:00:00 UTC,18.911718368530273,1
182,2022-02-01 05:00:00 UTC,7.1159982681274414,1
186,2022-02-01 05:00:00 UTC,35.93975830078125,50
189,2022-02-01 05:00:00 UTC,7.1159982681274414,1
195,2022-02-01 05:00:00 UTC,18.016557693481445,1
209,2022-02-01 05:00:00 UTC,7.7702751159667969,1
210,2022-02-01 05:00:00 UTC,7.1159982681274414,1
218,2022-02-01 05:00:00 UTC,7.1159982681274414,1
224,2022-02-01 05:00:00 UTC,6.997403621673584,2
226,2022-02-01 05:00:00 UTC,7.911644458770752,2
229,2022-02-01 05:00:00 UTC,6.42433500289917,6
230,2022-02-01 05:00:00 UTC,8.501347541809082,11
231,2022-02-01 05:00:00 UTC,3.7640459537506104,3
232,2022-02-01 05:00:00 UTC,5.4014568328857422,1
233,2022-02-01 05:00:00 UTC,4.851163387298584,3
234,2022-02-01 05:00:00 UTC,4.8511147499084473,4
236,2022-02-01 05:00:00 UTC,11.63763427734375,19
237,2022-02-01 05:00:00 UTC,3.2552158832550049,11
238,2022-02-01 05:00:00 UTC,6.0867948532104492,19
239,2022-02-01 05:00:00 UTC,7.0527143478393555,18
24,2022-02-01 05:00:00 UTC,6.1175808906555176,3
242,2022-02-01 05:00:00 UTC,7.911644458770752,1
243,2022-02-01 05:00:00 UTC,5.4014568328857422,2
244,2022-02-01 05:00:00 UTC,5.4014568328857422,2
248,2022-02-01 05:00:00 UTC,18.016557693481445,1
249,2022-02-01 05:00:00 UTC,4.7971806526184082,8
262,2022-02-01 05:00:00 UTC,2.9683997631073,20
263,2022-02-01 05:00:00 UTC,13.08491039276123,23
264,2022-02-01 05:00:00 UTC,5.7068209648132324,5
265,2022-02-01 05:00:00 UTC,8.7530317306518555,9
37,2022-02-01 05:00:00 UTC,7.1159982681274414,1
43,2022-02-01 05:00:00 UTC,6.1971030235290527,6
44,2022-02-01 05:00:00 UTC,18.016557693481445,1
48,2022-02-01 05:00:00 UTC,38.152194976806641,40
51,2022-02-01 05:00:00 UTC,7.4213619232177734,2
53,2022-02-01 05:00:00 UTC,18.016557693481445,1
61,2022-02-01 05:00:00 UTC,7.1159982681274414,1
62,2022-02-01 05:00:00 UTC,7.1159982681274414,1
68,2022-02-01 05:00:00 UTC,11.1865816116333,8
69,2022-02-01 05:00:00 UTC,7.1159982681274414,1
7,2022-02-01 05:00:00 UTC,7.1159982681274414,1
74,2022-02-01 05:00:00 UTC,6.1971030235290527,1
75,2022-02-01 05:00:00 UTC,10.233230590820312,5
79,2022-02-01 05:00:00 UTC,11.644373893737793,6
87,2022-02-01 05:00:00 UTC,5.4014568328857422,3
90,2022-02-01 05:00:00 UTC,5.5133047103881836,6
10,2022-02-01 06:00:00 UTC,6.44141960144043,1
100,2022-02-01 06:00:00 UTC,86.311477661132812,110
102,2022-02-01 06:00:00 UTC,18.016557693481445,1
107,2022-02-01 06:00:00 UTC,42.972980499267578,36
113,2022-02-01 06:00:00 UTC,6.7860140800476074,19
114,2022-02-01 06:00:00 UTC,4.2551841735839844,5
116,2022-02-01 06:00:00 UTC,6.3227758407592773,8
125,2022-02-01 06:00:00 UTC,4.7268781661987305,15
13,2022-02-01 06:00:00 UTC,5.4661645889282227,4
131,2022-02-01 06:00:00 UTC,18.016557693481445,1
132,2022-02-01 06:00:00 UTC,154.70393371582031,190
137,2022-02-01 06:00:00 UTC,7.9879903793334961,17
138,2022-02-01 06:00:00 UTC,7.3844680786132812,2
139,2022-02-01 06:00:00 UTC,18.016557693481445,1
140,2022-02-01 06:00:00 UTC,43.374515533447266,43
141,2022-02-01 06:00:00 UTC,46.506950378417969,57
142,2022-02-01 06:00:00 UTC,14.817742347717285,31
143,2022-02-01 06:00:00 UTC,10.300835609436035,14
144,2022-02-01 06:00:00 UTC,7.1618423461914062,4
145,2022-02-01 06:00:00 UTC,8.8763837814331055,2
146,2022-02-01 06:00:00 UTC,8.8763837814331055,2
148,2022-02-01 06:00:00 UTC,7.1200251579284668,12
151,2022-02-01 06:00:00 UTC,13.080401420593262,24
152,2022-02-01 06:00:00 UTC,7.4672060012817383,2
155,2022-02-01 06:00:00 UTC,8.8763837814331055,2
157,2022-02-01 06:00:00 UTC,8.8763837814331055,1
158,2022-02-01 06:00:00 UTC,7.1618423461914062,5
161,2022-02-01 06:00:00 UTC,11.624503135681152,16
162,2022-02-01 06:00:00 UTC,43.783596038818359,80
163,2022-02-01 06:00:00 UTC,14.817742347717285,19
164,2022-02-01 06:00:00 UTC,12.050037384033203,10
166,2022-02-01 06:00:00 UTC,7.4672060012817383,5
170,2022-02-01 06:00:00 UTC,27.336259841918945,39
177,2022-02-01 06:00:00 UTC,8.8763837814331055,1
179,2022-02-01 06:00:00 UTC,8.8763837814331055,2
186,2022-02-01 06:00:00 UTC,124.532470703125,222
19,2022-02-01 06:00:00 UTC,18.911718368530273,1
193,2022-02-01 06:00:00 UTC,10.906206130981445,2
195,2022-02-01 06:00:00 UTC,18.016557693481445,2
197,2022-02-01 06:00:00 UTC,8.8763837814331055,1
205,2022-02-01 06:00:00 UTC,8.8763837814331055,1
209,2022-02-01 06:00:00 UTC,7.1618423461914062,1
21,2022-02-01 06:00:00 UTC,18.016557693481445,1
210,2022-02-01 06:00:00 UTC,8.8763837814331055,2
211,2022-02-01 06:00:00 UTC,7.4672060012817383,3
212,2022-02-01 06:00:00 UTC,18.016557693481445,1
213,2022-02-01 06:00:00 UTC,9.1817483901977539,3
215,2022-02-01 06:00:00 UTC,9.1817483901977539,1
216,2022-02-01 06:00:00 UTC,8.8763837814331055,1
219,2022-02-01 06:00:00 UTC,8.8763837814331055,1
223,2022-02-01 06:00:00 UTC,8.8763837814331055,1
224,2022-02-01 06:00:00 UTC,7.4672060012817383,3
226,2022-02-01 06:00:00 UTC,9.1817483901977539,2
229,2022-02-01 06:00:00 UTC,17.056140899658203,19
23,2022-02-01 06:00:00 UTC,18.016557693481445,1
230,2022-02-01 06:00:00 UTC,24.56236457824707,24
231,2022-02-01 06:00:00 UTC,6.0364375114440918,16
232,2022-02-01 06:00:00 UTC,7.1618423461914062,1
233,2022-02-01 06:00:00 UTC,13.112815856933594,24
234,2022-02-01 06:00:00 UTC,13.913066864013672,16
236,2022-02-01 06:00:00 UTC,57.902191162109375,72
237,2022-02-01 06:00:00 UTC,24.01390266418457,56
238,2022-02-01 06:00:00 UTC,53.421283721923828,62
239,2022-02-01 06:00:00 UTC,56.079116821289062,41
24,2022-02-01 06:00:00 UTC,10.300835609436035,9
241,2022-02-01 06:00:00 UTC,9.1817483901977539,1
244,2022-02-01 06:00:00 UTC,7.4672060012817383,1
246,2022-02-01 06:00:00 UTC,3.9498200416564941,6
247,2022-02-01 06:00:00 UTC,8.8763837814331055,1
249,2022-02-01 06:00:00 UTC,18.296506881713867,22
254,2022-02-01 06:00:00 UTC,8.8763837814331055,1
261,2022-02-01 06:00:00 UTC,7.1618423461914062,2
262,2022-02-01 06:00:00 UTC,38.079532623291016,58
263,2022-02-01 06:00:00 UTC,62.889797210693359,58
264,2022-02-01 06:00:00 UTC,9.6222257614135742,10
265,2022-02-01 06:00:00 UTC,13.531167984008789,15
33,2022-02-01 06:00:00 UTC,8.8763837814331055,4
40,2022-02-01 06:00:00 UTC,8.8763837814331055,2
41,2022-02-01 06:00:00 UTC,7.4672060012817383,6
42,2022-02-01 06:00:00 UTC,7.4672060012817383,3
43,2022-02-01 06:00:00 UTC,9.6222257614135742,11
48,2022-02-01 06:00:00 UTC,87.891372680664062,102
50,2022-02-01 06:00:00 UTC,3.9498200416564941,6
61,2022-02-01 06:00:00 UTC,8.8763837814331055,1
63,2022-02-01 06:00:00 UTC,18.016557693481445,1
66,2022-02-01 06:00:00 UTC,9.6720304489135742,1
68,2022-02-01 06:00:00 UTC,30.031044006347656,34
7,2022-02-01 06:00:00 UTC,8.8763837814331055,3
74,2022-02-01 06:00:00 UTC,7.1618423461914062,9
75,2022-02-01 06:00:00 UTC,15.162591934204102,13
76,2022-02-01 06:00:00 UTC,8.8763837814331055,1
77,2022-02-01 06:00:00 UTC,18.016557693481445,2
79,2022-02-01 06:00:00 UTC,16.605087280273438,29
87,2022-02-01 06:00:00 UTC,7.9574880599975586,2
9,2022-02-01 06:00:00 UTC,18.016557693481445,1
90,2022-02-01 06:00:00 UTC,16.605087280273438,19
91,2022-02-01 06:00:00 UTC,8.8763837814331055,1
95,2022-02-01 06:00:00 UTC,8.8763837814331055,1
1,2022-02-01 07:00:00 UTC,6.6746459007263184,1
10,2022-02-01 07:00:00 UTC,6.44141960144043,1
100,2022-02-01 07:00:00 UTC,106.84784698486328,78
107,2022-02-01 07:00:00 UTC,100.21815490722656,87
113,2022-02-01 07:00:00 UTC,52.1078987121582,37
114,2022-02-01 07:00:00 UTC,16.280178070068359,10
116,2022-02-01 07:00:00 UTC,9.7186002731323242,9
119,2022-02-01 07:00:00 UTC,8.8763837814331055,2
12,2022-02-01 07:00:00 UTC,4.7268781661987305,1
125,2022-02-01 07:00:00 UTC,23.407751083374023,15
127,2022-02-01 07:00:00 UTC,7.1618423461914062,1
13,2022-02-01 07:00:00 UTC,6.3227758407592773,15
130,2022-02-01 07:00:00 UTC,6.44141960144043,1
132,2022-02-01 07:00:00 UTC,228.82072448730469,152
134,2022-02-01 07:00:00 UTC,8.8763837814331055,2
137,2022-02-01 07:00:00 UTC,29.25499153137207,49
138,2022-02-01 07:00:00 UTC,9.4149742126464844,27
140,2022-02-01 07:00:00 UTC,90.65472412109375,113
141,2022-02-01 07:00:00 UTC,121.81643676757812,124
142,2022-02-01 07:00:00 UTC,64.923042297363281,95
143,2022-02-01 07:00:00 UTC,36.426353454589844,65
144,2022-02-01 07:00:00 UTC,8.75774097442627,8
145,2022-02-01 07:00:00 UTC,9.1817483901977539,6
146,2022-02-01 07:00:00 UTC,9.1817483901977539,4
148,2022-02-01 07:00:00 UTC,24.01390266418457,11
151,2022-02-01 07:00:00 UTC,47.711952209472656,53
152,2022-02-01 07:00:00 UTC,7.4672060012817383,6
157,2022-02-01 07:00:00 UTC,8.8763837814331055,1
158,2022-02-01 07:00:00 UTC,9.6222257614135742,29
159,2022-02-01 07:00:00 UTC,9.1817483901977539,2
161,2022-02-01 07:00:00 UTC,34.862392425537109,43
162,2022-02-01 07:00:00 UTC,161.59359741210938,120
163,2022-02-01 07:00:00 UTC,38.0964241027832,47
164,2022-02-01 07:00:00 UTC,25.87432861328125,36
166,2022-02-01 07:00:00 UTC,9.6222257614135742,20
167,2022-02-01 07:00:00 UTC,18.016557693481445,1
168,2022-02-01 07:00:00 UTC,8.8763837814331055,2
170,2022-02-01 07:00:00 UTC,111.09152221679688,85
174,2022-02-01 07:00:00 UTC,18.016557693481445,1
186,2022-02-01 07:00:00 UTC,261.40475463867188,249
188,2022-02-01 07:00:00 UTC,9.1817483901977539,2
189,2022-02-01 07:00:00 UTC,8.8763837814331055,1
193,2022-02-01 07:00:00 UTC,9.1817483901977539,8
200,2022-02-01 07:00:00 UTC,18.016557693481445,1
205,2022-02-01 07:00:00 UTC,8.8763837814331055,1
209,2022-02-01 07:00:00 UTC,7.1618423461914062,1
211,2022-02-01 07:00:00 UTC,6.1344170570373535,5
213,2022-02-01 07:00:00 UTC,9.6720304489135742,1
215,2022-02-01 07:00:00 UTC,8.8763837814331055,1
220,2022-02-01 07:00:00 UTC,18.911718368530273,1
224,2022-02-01 07:00:00 UTC,7.9574880599975586,10
225,2022-02-01 07:00:00 UTC,8.8763837814331055,1
226,2022-02-01 07:00:00 UTC,9.1817483901977539,12
229,2022-02-01 07:00:00 UTC,67.925201416015625,95
230,2022-02-01 07:00:00 UTC,53.356761932373047,41
231,2022-02-01 07:00:00 UTC,50.752750396728516,44
232,2022-02-01 07:00:00 UTC,7.1618423461914062,5
233,2022-02-01 07:00:00 UTC,70.1446304321289,46
234,2022-02-01 07:00:00 UTC,45.498516082763672,52
235,2022-02-01 07:00:00 UTC,9.1817483901977539,1
236,2022-02-01 07:00:00 UTC,205.17964172363281,249
237,2022-02-01 07:00:00 UTC,107.93939971923828,173
238,2022-02-01 07:00:00 UTC,91.790603637695312,117
239,2022-02-01 07:00:00 UTC,99.816818237304688,112
24,2022-02-01 07:00:00 UTC,30.3552303314209,20
244,2022-02-01 07:00:00 UTC,7.1618423461914062,6
246,2022-02-01 07:00:00 UTC,12.49174976348877,24
247,2022-02-01 07:00:00 UTC,8.8763837814331055,1
249,2022-02-01 07:00:00 UTC,54.826431274414062,64
25,2022-02-01 07:00:00 UTC,8.8763837814331055,1
254,2022-02-01 07:00:00 UTC,8.8763837814331055,1
261,2022-02-01 07:00:00 UTC,7.4672060012817383,5
262,2022-02-01 07:00:00 UTC,94.995513916015625,102
263,2022-02-01 07:00:00 UTC,106.71298980712891,112
264,2022-02-01 07:00:00 UTC,25.362529754638672,27
265,2022-02-01 07:00:00 UTC,27.008354187011719,26
29,2022-02-01 07:00:00 UTC,18.016557693481445,1
33,2022-02-01 07:00:00 UTC,10.472281455993652,3
39,2022-02-01 07:00:00 UTC,8.8763837814331055,1
4,2022-02-01 07:00:00 UTC,7.4672060012817383,5
40,2022-02-01 07:00:00 UTC,9.1817483901977539,3
41,2022-02-01 07:00:00 UTC,9.6222257614135742,28
42,2022-02-01 07:00:00 UTC,7.9574880599975586,8
43,2022-02-01 07:00:00 UTC,23.578207015991211,30
45,2022-02-01 07:00:00 UTC,7.9574880599975586,1
48,2022-02-01 07:00:00 UTC,122.10326385498047,111
50,2022-02-01 07:00:00 UTC,11.173735618591309,30
51,2022-02-01 07:00:00 UTC,9.1817483901977539,1
65,2022-02-01 07:00:00 UTC,8.8763837814331055,3
66,2022-02-01 07:00:00 UTC,8.8763837814331055,1
68,2022-02-01 07:00:00 UTC,81.685615539550781,73
7,2022-02-01 07:00:00 UTC,9.6720304489135742,7
70,2022-02-01 07:00:00 UTC,24.696231842041016,2
74,2022-02-01 07:00:00 UTC,17.437400817871094,19
75,2022-02-01 07:00:00 UTC,39.864093780517578,41
76,2022-02-01 07:00:00 UTC,8.8763837814331055,1
78,2022-02-01 07:00:00 UTC,18.016557693481445,1
79,2022-02-01 07:00:00 UTC,64.12542724609375,48
8,2022-02-01 07:00:00 UTC,18.016557693481445,1
80,2022-02-01 07:00:00 UTC,8.8763837814331055,2
87,2022-02-01 07:00:00 UTC,7.9011287689208984,9
88,2022-02-01 07:00:00 UTC,7.1618423461914062,3
90,2022-02-01 07:00:00 UTC,53.465190887451172,39
91,2022-02-01 07:00:00 UTC,8.8763837814331055,1
95,2022-02-01 07:00:00 UTC,8.8763837814331055,1
97,2022-02-01 07:00:00 UTC,8.8763837814331055,1
100,2022-02-01 08:00:00 UTC,73.6976547241211,59
107,2022-02-01 08:00:00 UTC,111.23596954345703,136
113,2022-02-01 08:00:00 UTC,46.362556457519531,65
114,2022-02-01 08:00:00 UTC,18.859004974365234,20
116,2022-02-01 08:00:00 UTC,13.715864181518555,7
119,2022-02-01 08:00:00 UTC,9.1817483901977539,1
124,2022-02-01 08:00:00 UTC,18.016557693481445,1
125,2022-02-01 08:00:00 UTC,13.929769515991211,30
127,2022-02-01 08:00:00 UTC,7.1618423461914062,2
129,2022-02-01 08:00:00 UTC,6.7467832565307617,1
13,2022-02-01 08:00:00 UTC,16.235349655151367,23
131,2022-02-01 08:00:00 UTC,18.016557693481445,1
132,2022-02-01 08:00:00 UTC,138.02973937988281,134
136,2022-02-01 08:00:00 UTC,8.8763837814331055,2
137,2022-02-01 08:00:00 UTC,62.437110900878906,55
138,2022-02-01 08:00:00 UTC,43.274887084960938,64
139,2022-02-01 08:00:00 UTC,18.016557693481445,1
140,2022-02-01 08:00:00 UTC,157.96365356445312,171
141,2022-02-01 08:00:00 UTC,157.63742065429688,168
142,2022-02-01 08:00:00 UTC,117.55709075927734,145
143,2022-02-01 08:00:00 UTC,81.945098876953125,108
144,2022-02-01 08:00:00 UTC,11.71964168548584,16
147,2022-02-01 08:00:00 UTC,18.016557693481445,1
148,2022-02-01 08:00:00 UTC,14.504737854003906,11
151,2022-02-01 08:00:00 UTC,63.1980094909668,90
152,2022-02-01 08:00:00 UTC,9.6222257614135742,5
158,2022-02-01 08:00:00 UTC,40.950931549072266,31
159,2022-02-01 08:00:00 UTC,9.1817483901977539,1
161,2022-02-01 08:00:00 UTC,60.755722045898438,84
162,2022-02-01 08:00:00 UTC,140.59504699707031,176
163,2022-02-01 08:00:00 UTC,68.949600219726562,79
164,2022-02-01 08:00:00 UTC,52.925224304199219,80
166,2022-02-01 08:00:00 UTC,44.929275512695312,41
17,2022-02-01 08:00:00 UTC,8.8763837814331055,1
170,2022-02-01 08:00:00 UTC,124.20148468017578,142
177,2022-02-01 08:00:00 UTC,8.8763837814331055,1
179,2022-02-01 08:00:00 UTC,9.1817483901977539,1
18,2022-02-01 08:00:00 UTC,18.016557693481445,1
181,2022-02-01 08:00:00 UTC,8.8763837814331055,3
182,2022-02-01 08:00:00 UTC,8.8763837814331055,2
186,2022-02-01 08:00:00 UTC,201.09394836425781,230
193,2022-02-01 08:00:00 UTC,12.231564521789551,4
197,2022-02-01 08:00:00 UTC,8.8763837814331055,1
209,2022-02-01 08:00:00 UTC,7.1618423461914062,2
210,2022-02-01 08:00:00 UTC,9.1817483901977539,1
211,2022-02-01 08:00:00 UTC,6.6970195770263672,9
215,2022-02-01 08:00:00 UTC,8.8763837814331055,2
223,2022-02-01 08:00:00 UTC,8.8763837814331055,1
224,2022-02-01 08:00:00 UTC,14.635204315185547,9
225,2022-02-01 08:00:00 UTC,8.8763837814331055,2
226,2022-02-01 08:00:00 UTC,18.143148422241211,8
229,2022-02-01 08:00:00 UTC,128.35397338867188,148
230,2022-02-01 08:00:00 UTC,56.364158630371094,53
231,2022-02-01 08:00:00 UTC,80.367919921875,57
232,2022-02-01 08:00:00 UTC,9.6222257614135742,1
233,2022-02-01 08:00:00 UTC,60.117042541503906,72
234,2022-02-01 08:00:00 UTC,79.950859069824219,74
235,2022-02-01 08:00:00 UTC,8.8763837814331055,1
236,2022-02-01 08:00:00 UTC,311.712158203125,369
237,2022-02-01 08:00:00 UTC,251.06538391113281,281
238,2022-02-01 08:00:00 UTC,144.36476135253906,180
239,2022-02-01 08:00:00 UTC,139.25376892089844,160
24,2022-02-01 08:00:00 UTC,39.327690124511719,31
241,2022-02-01 08:00:00 UTC,8.8763837814331055,1
243,2022-02-01 08:00:00 UTC,7.4672060012817383,3
244,2022-02-01 08:00:00 UTC,9.7002248764038086,4
246,2022-02-01 08:00:00 UTC,36.745643615722656,41
249,2022-02-01 08:00:00 UTC,75.09124755859375,72
25,2022-02-01 08:00:00 UTC,8.8763837814331055,3
255,2022-02-01 08:00:00 UTC,9.1817483901977539,1
256,2022-02-01 08:00:00 UTC,8.8763837814331055,1
260,2022-02-01 08:00:00 UTC,8.8763837814331055,3
261,2022-02-01 08:00:00 UTC,9.6222257614135742,4
262,2022-02-01 08:00:00 UTC,112.61941528320312,129
263,2022-02-01 08:00:00 UTC,132.3487548828125,139
264,2022-02-01 08:00:00 UTC,34.368881225585938,29
265,2022-02-01 08:00:00 UTC,28.767303466796875,14
28,2022-02-01 08:00:00 UTC,8.8763837814331055,1
32,2022-02-01 08:00:00 UTC,18.016557693481445,2
33,2022-02-01 08:00:00 UTC,9.6720304489135742,11
35,2022-02-01 08:00:00 UTC,8.8763837814331055,2
38,2022-02-01 08:00:00 UTC,18.016557693481445,1
4,2022-02-01 08:00:00 UTC,9.6222257614135742,4
40,2022-02-01 08:00:00 UTC,9.6720304489135742,4
41,2022-02-01 08:00:00 UTC,38.941555023193359,22
42,2022-02-01 08:00:00 UTC,21.44659423828125,1
43,2022-02-01 08:00:00 UTC,48.907230377197266,76
45,2022-02-01 08:00:00 UTC,7.5957651138305664,2
48,2022-02-01 08:00:00 UTC,123.71856689453125,119
49,2022-02-01 08:00:00 UTC,8.8763837814331055,3
50,2022-02-01 08:00:00 UTC,39.060108184814453,54
51,2022-02-01 08:00:00 UTC,8.8763837814331055,1
52,2022-02-01 08:00:00 UTC,9.6720304489135742,3
55,2022-02-01 08:00:00 UTC,8.8763837814331055,2
61,2022-02-01 08:00:00 UTC,8.8763837814331055,2
62,2022-02-01 08:00:00 UTC,8.8763837814331055,3
63,2022-02-01 08:00:00 UTC,18.016557693481445,1
65,2022-02-01 08:00:00 UTC,9.6720304489135742,2
67,2022-02-01 08:00:00 UTC,18.016557693481445,1
68,2022-02-01 08:00:00 UTC,102.22085571289062,97
69,2022-02-01 08:00:00 UTC,8.8763837814331055,1
7,2022-02-01 08:00:00 UTC,10.0527982711792,7
70,2022-02-01 08:00:00 UTC,16.295486450195312,6
72,2022-02-01 08:00:00 UTC,8.8763837814331055,1
74,2022-02-01 08:00:00 UTC,22.711507797241211,23
75,2022-02-01 08:00:00 UTC,61.790290832519531,56
76,2022-02-01 08:00:00 UTC,8.8763837814331055,1
78,2022-02-01 08:00:00 UTC,18.016557693481445,1
79,2022-02-01 08:00:00 UTC,72.9996337890625,70
87,2022-02-01 08:00:00 UTC,17.784368515014648,15
88,2022-02-01 08:00:00 UTC,7.9574880599975586,7
90,2022-02-01 08:00:00 UTC,56.378658294677734,57
91,2022-02-01 08:00:00 UTC,8.8763837814331055,1
93,2022-02-01 08:00:00 UTC,8.8763837814331055,1
95,2022-02-01 08:00:00 UTC,8.8763837814331055,1
97,2022-02-01 08:00:00 UTC,8.8763837814331055,2
10,2022-02-01 09:00:00 UTC,6.2405462265014648,2
100,2022-02-01 09:00:00 UTC,66.550857543945312,68
101,2022-02-01 09:00:00 UTC,16.102161407470703,2
107,2022-02-01 09:00:00 UTC,128.44168090820312,128
113,2022-02-01 09:00:00 UTC,68.256660461425781,72
114,2022-02-01 09:00:00 UTC,20.200626373291016,33
116,2022-02-01 09:00:00 UTC,11.279672622680664,5
119,2022-02-01 09:00:00 UTC,8.6755094528198242,2
120,2022-02-01 09:00:00 UTC,13.492458343505859,1
121,2022-02-01 09:00:00 UTC,16.102161407470703,1
125,2022-02-01 09:00:00 UTC,34.794795989990234,24
13,2022-02-01 09:00:00 UTC,24.211818695068359,28
130,2022-02-01 09:00:00 UTC,6.2405462265014648,3
132,2022-02-01 09:00:00 UTC,125.66641235351562,100
134,2022-02-01 09:00:00 UTC,8.9808740615844727,1
137,2022-02-01 09:00:00 UTC,72.133781433105469,66
138,2022-02-01 09:00:00 UTC,67.410400390625,112
14,2022-02-01 09:00:00 UTC,8.6755094528198242,2
140,2022-02-01 09:00:00 UTC,163.0711669921875,188
141,2022-02-01 09:00:00 UTC,157.80455017089844,154
142,2022-02-01 09:00:00 UTC,142.05572509765625,173
143,2022-02-01 09:00:00 UTC,114.68472290039062,100
144,2022-02-01 09:00:00 UTC,20.746723175048828,16
145,2022-02-01 09:00:00 UTC,8.6621255874633789,10
146,2022-02-01 09:00:00 UTC,9.51218318939209,5
148,2022-02-01 09:00:00 UTC,15.356239318847656,13
151,2022-02-01 09:00:00 UTC,94.194465637207031,66
152,2022-02-01 09:00:00 UTC,8.6621255874633789,3
158,2022-02-01 09:00:00 UTC,25.875686645507812,24
161,2022-02-01 09:00:00 UTC,114.84458160400391,100
162,2022-02-01 09:00:00 UTC,167.960205078125,167
163,2022-02-01 09:00:00 UTC,83.358566284179688,94
164,2022-02-01 09:00:00 UTC,89.690322875976562,81
165,2022-02-01 09:00:00 UTC,16.102161407470703,1
166,2022-02-01 09:00:00 UTC,49.240715026855469,31
168,2022-02-01 09:00:00 UTC,8.9808740615844727,1
169,2022-02-01 09:00:00 UTC,8.9808740615844727,1
170,2022-02-01 09:00:00 UTC,150.55157470703125,198
174,2022-02-01 09:00:00 UTC,15.207000732421875,1
178,2022-02-01 09:00:00 UTC,15.207000732421875,1
179,2022-02-01 09:00:00 UTC,8.6755094528198242,1
182,2022-02-01 09:00:00 UTC,8.9808740615844727,1
186,2022-02-01 09:00:00 UTC,194.45819091796875,175
188,2022-02-01 09:00:00 UTC,8.9808740615844727,2
193,2022-02-01 09:00:00 UTC,9.51218318939209,4
200,2022-02-01 09:00:00 UTC,15.207000732421875,1
205,2022-02-01 09:00:00 UTC,8.6755094528198242,1
207,2022-02-01 09:00:00 UTC,8.6755094528198242,2
209,2022-02-01 09:00:00 UTC,7.2663326263427734,4
21,2022-02-01 09:00:00 UTC,15.207000732421875,1
211,2022-02-01 09:00:00 UTC,14.05882453918457,16
215,2022-02-01 09:00:00 UTC,8.9808740615844727,1
219,2022-02-01 09:00:00 UTC,8.6755094528198242,1
22,2022-02-01 09:00:00 UTC,16.102161407470703,1
222,2022-02-01 09:00:00 UTC,15.207000732421875,1
223,2022-02-01 09:00:00 UTC,8.6755094528198242,2
224,2022-02-01 09:00:00 UTC,12.185064315795898,11
225,2022-02-01 09:00:00 UTC,8.9808740615844727,2
226,2022-02-01 09:00:00 UTC,10.759541511535645,9
229,2022-02-01 09:00:00 UTC,156.417724609375,149
23,2022-02-01 09:00:00 UTC,15.207000732421875,1
230,2022-02-01 09:00:00 UTC,54.408477783203125,57
231,2022-02-01 09:00:00 UTC,59.6649169921875,59
232,2022-02-01 09:00:00 UTC,6.9609689712524414,5
233,2022-02-01 09:00:00 UTC,68.224571228027344,71
234,2022-02-01 09:00:00 UTC,89.096794128417969,110
236,2022-02-01 09:00:00 UTC,322.85922241210938,336
237,2022-02-01 09:00:00 UTC,303.61697387695312,351
238,2022-02-01 09:00:00 UTC,160.58833312988281,144
239,2022-02-01 09:00:00 UTC,169.64254760742188,173
24,2022-02-01 09:00:00 UTC,32.2264518737793,29
241,2022-02-01 09:00:00 UTC,8.6755094528198242,1
244,2022-02-01 09:00:00 UTC,9.08861255645752,3
246,2022-02-01 09:00:00 UTC,48.815975189208984,38
249,2022-02-01 09:00:00 UTC,74.689445495605469,83
25,2022-02-01 09:00:00 UTC,9.471156120300293,6
256,2022-02-01 09:00:00 UTC,8.6755094528198242,1
258,2022-02-01 09:00:00 UTC,15.207000732421875,1
26,2022-02-01 09:00:00 UTC,15.207000732421875,1
260,2022-02-01 09:00:00 UTC,9.471156120300293,1
261,2022-02-01 09:00:00 UTC,7.7976417541503906,6
262,2022-02-01 09:00:00 UTC,116.21424865722656,140
263,2022-02-01 09:00:00 UTC,133.9716796875,145
264,2022-02-01 09:00:00 UTC,38.848030090332031,35
265,2022-02-01 09:00:00 UTC,16.682754516601562,17
28,2022-02-01 09:00:00 UTC,8.6755094528198242,1
33,2022-02-01 09:00:00 UTC,18.423974990844727,3
35,2022-02-01 09:00:00 UTC,8.9808740615844727,2
36,2022-02-01 09:00:00 UTC,8.6755094528198242,1
37,2022-02-01 09:00:00 UTC,8.6755094528198242,2
39,2022-02-01 09:00:00 UTC,8.6755094528198242,2
4,2022-02-01 09:00:00 UTC,9.08861255645752,3
40,2022-02-01 09:00:00 UTC,9.51218318939209,2
41,2022-02-01 09:00:00 UTC,40.281414031982422,23
42,2022-02-01 09:00:00 UTC,9.2048006057739258,6
43,2022-02-01 09:00:00 UTC,92.75225830078125,94
45,2022-02-01 09:00:00 UTC,7.2663326263427734,2
47,2022-02-01 09:00:00 UTC,15.207000732421875,1
48,2022-02-01 09:00:00 UTC,128.625,127
50,2022-02-01 09:00:00 UTC,55.018352508544922,44
51,2022-02-01 09:00:00 UTC,8.6755094528198242,3
52,2022-02-01 09:00:00 UTC,9.471156120300293,1
55,2022-02-01 09:00:00 UTC,8.9808740615844727,1
56,2022-02-01 09:00:00 UTC,8.6755094528198242,2
56,2022-02-01 09:00:00 UTC,8.9808740615844727,2
60,2022-02-01 09:00:00 UTC,15.207000732421875,2
61,2022-02-01 09:00:00 UTC,8.9808740615844727,2
62,2022-02-01 09:00:00 UTC,9.471156120300293,1
68,2022-02-01 09:00:00 UTC,111.25847625732422,99
7,2022-02-01 09:00:00 UTC,13.71463680267334,1
70,2022-02-01 09:00:00 UTC,8.6621255874633789,7
74,2022-02-01 09:00:00 UTC,27.701667785644531,13
75,2022-02-01 09:00:00 UTC,62.328105926513672,52
77,2022-02-01 09:00:00 UTC,16.102161407470703,1
79,2022-02-01 09:00:00 UTC,74.238395690917969,77
80,2022-02-01 09:00:00 UTC,8.9808740615844727,1
86,2022-02-01 09:00:00 UTC,15.207000732421875,2
87,2022-02-01 09:00:00 UTC,18.737655639648438,19
88,2022-02-01 09:00:00 UTC,9.0927000045776367,12
89,2022-02-01 09:00:00 UTC,8.6755094528198242,2
90,2022-02-01 09:00:00 UTC,59.682537078857422,63
95,2022-02-01 09:00:00 UTC,8.6755094528198242,1
97,2022-02-01 09:00:00 UTC,8.9808740615844727,2
98,2022-02-01 09:00:00 UTC,15.207000732421875,1
100,2022-02-01 10:00:00 UTC,65.789604187011719,51
107,2022-02-01 10:00:00 UTC,123.67813873291016,116
108,2022-02-01 10:00:00 UTC,15.207000732421875,1
113,2022-02-01 10:00:00 UTC,65.1103286743164,73
114,2022-02-01 10:00:00 UTC,35.8148193359375,16
117,2022-02-01 10:00:00 UTC,15.207000732421875,1
12,2022-02-01 10:00:00 UTC,4.5260047912597656,1
121,2022-02-01 10:00:00 UTC,15.207000732421875,2
125,2022-02-01 10:00:00 UTC,23.628402709960938,24
126,2022-02-01 10:00:00 UTC,15.207000732421875,1
129,2022-02-01 10:00:00 UTC,6.2405462265014648,3
13,2022-02-01 10:00:00 UTC,23.44072151184082,25
130,2022-02-01 10:00:00 UTC,7.0361919403076172,1
131,2022-02-01 10:00:00 UTC,15.207000732421875,1
132,2022-02-01 10:00:00 UTC,107.80520629882812,99
135,2022-02-01 10:00:00 UTC,15.207000732421875,1
137,2022-02-01 10:00:00 UTC,67.881088256835938,69
138,2022-02-01 10:00:00 UTC,111.8455810546875,154
140,2022-02-01 10:00:00 UTC,170.35122680664062,161
141,2022-02-01 10:00:00 UTC,156.99806213378906,168
142,2022-02-01 10:00:00 UTC,162.80757141113281,186
143,2022-02-01 10:00:00 UTC,91.834518432617188,67
144,2022-02-01 10:00:00 UTC,18.449684143066406,11
145,2022-02-01 10:00:00 UTC,12.185064315795898,7
146,2022-02-01 10:00:00 UTC,8.6621255874633789,4
148,2022-02-01 10:00:00 UTC,14.303863525390625,12
151,2022-02-01 10:00:00 UTC,64.766845703125,68
152,2022-02-01 10:00:00 UTC,7.7566146850585938,5
157,2022-02-01 10:00:00 UTC,8.6755094528198242,1
158,2022-02-01 10:00:00 UTC,30.027015686035156,24
159,2022-02-01 10:00:00 UTC,8.6755094528198242,2
16,2022-02-01 10:00:00 UTC,15.207000732421875,1
161,2022-02-01 10:00:00 UTC,115.57339477539062,137
162,2022-02-01 10:00:00 UTC,151.17965698242188,151
163,2022-02-01 10:00:00 UTC,104.06510925292969,94
164,2022-02-01 10:00:00 UTC,76.132621765136719,79
166,2022-02-01 10:00:00 UTC,33.845558166503906,23
168,2022-02-01 10:00:00 UTC,8.6755094528198242,1
17,2022-02-01 10:00:00 UTC,8.6755094528198242,3
170,2022-02-01 10:00:00 UTC,174.41410827636719,179
174,2022-02-01 10:00:00 UTC,15.207000732421875,1
181,2022-02-01 10:00:00 UTC,9.471156120300293,1
185,2022-02-01 10:00:00 UTC,15.207000732421875,2
186,2022-02-01 10:00:00 UTC,167.10237121582031,178
189,2022-02-01 10:00:00 UTC,8.6755094528198242,1
191,2022-02-01 10:00:00 UTC,15.207000732421875,2
192,2022-02-01 10:00:00 UTC,15.207000732421875,1
193,2022-02-01 10:00:00 UTC,9.9461050033569336,8
195,2022-02-01 10:00:00 UTC,16.102161407470703,1
197,2022-02-01 10:00:00 UTC,8.6755094528198242,1
207,2022-02-01 10:00:00 UTC,8.9808740615844727,1
209,2022-02-01 10:00:00 UTC,7.7976417541503906,5
21,2022-02-01 10:00:00 UTC,15.207000732421875,1
211,2022-02-01 10:00:00 UTC,18.825592041015625,13
216,2022-02-01 10:00:00 UTC,8.6755094528198242,1
218,2022-02-01 10:00:00 UTC,8.6755094528198242,1
219,2022-02-01 10:00:00 UTC,8.6755094528198242,3
222,2022-02-01 10:00:00 UTC,15.207000732421875,3
223,2022-02-01 10:00:00 UTC,8.9808740615844727,1
224,2022-02-01 10:00:00 UTC,15.693010330200195,5
225,2022-02-01 10:00:00 UTC,8.9808740615844727,1
226,2022-02-01 10:00:00 UTC,12.185064315795898,3
227,2022-02-01 10:00:00 UTC,16.102161407470703,1
228,2022-02-01 10:00:00 UTC,8.6755094528198242,1
229,2022-02-01 10:00:00 UTC,137.68782043457031,137
230,2022-02-01 10:00:00 UTC,72.133781433105469,94
231,2022-02-01 10:00:00 UTC,60.9996452331543,53
233,2022-02-01 10:00:00 UTC,74.689445495605469,72
234,2022-02-01 10:00:00 UTC,109.40900421142578,103
236,2022-02-01 10:00:00 UTC,329.16091918945312,353
237,2022-02-01 10:00:00 UTC,324.79965209960938,365
238,2022-02-01 10:00:00 UTC,133.48085021972656,146
239,2022-02-01 10:00:00 UTC,141.68006896972656,187
24,2022-02-01 10:00:00 UTC,26.961313247680664,26
243,2022-02-01 10:00:00 UTC,7.7566146850585938,2
244,2022-02-01 10:00:00 UTC,7.7566146850585938,7
246,2022-02-01 10:00:00 UTC,41.660125732421875,48
247,2022-02-01 10:00:00 UTC,8.6755094528198242,1
249,2022-02-01 10:00:00 UTC,76.132621765136719,73
25,2022-02-01 10:00:00 UTC,8.6621255874633789,3
256,2022-02-01 10:00:00 UTC,8.6755094528198242,1
261,2022-02-01 10:00:00 UTC,8.6621255874633789,11
262,2022-02-01 10:00:00 UTC,127.63665771484375,134
263,2022-02-01 10:00:00 UTC,120.35763549804688,119
264,2022-02-01 10:00:00 UTC,43.553264617919922,60
265,2022-02-01 10:00:00 UTC,18.478338241577148,15
33,2022-02-01 10:00:00 UTC,9.471156120300293,2
39,2022-02-01 10:00:00 UTC,8.9808740615844727,2
4,2022-02-01 10:00:00 UTC,7.7566146850585938,4
40,2022-02-01 10:00:00 UTC,8.9808740615844727,2
41,2022-02-01 10:00:00 UTC,32.300189971923828,21
42,2022-02-01 10:00:00 UTC,10.031096458435059,5
43,2022-02-01 10:00:00 UTC,87.487678527832031,78
45,2022-02-01 10:00:00 UTC,7.2663326263427734,6
48,2022-02-01 10:00:00 UTC,119.34824371337891,130
50,2022-02-01 10:00:00 UTC,43.624897003173828,59
51,2022-02-01 10:00:00 UTC,9.471156120300293,2
55,2022-02-01 10:00:00 UTC,8.6755094528198242,1
61,2022-02-01 10:00:00 UTC,8.9808740615844727,3
63,2022-02-01 10:00:00 UTC,15.207000732421875,1
65,2022-02-01 10:00:00 UTC,8.9808740615844727,3
68,2022-02-01 10:00:00 UTC,106.88286590576172,108
69,2022-02-01 10:00:00 UTC,8.6755094528198242,1
7,2022-02-01 10:00:00 UTC,10.456764221191406,2
70,2022-02-01 10:00:00 UTC,9.0927000045776367,24
72,2022-02-01 10:00:00 UTC,8.6755094528198242,2
74,2022-02-01 10:00:00 UTC,19.467674255371094,16
75,2022-02-01 10:00:00 UTC,58.3913688659668,51
79,2022-02-01 10:00:00 UTC,73.211967468261719,67
80,2022-02-01 10:00:00 UTC,8.6755094528198242,1
82,2022-02-01 10:00:00 UTC,8.6755094528198242,1
86,2022-02-01 10:00:00 UTC,8.9808740615844727,2
87,2022-02-01 10:00:00 UTC,21.605625152587891,12
88,2022-02-01 10:00:00 UTC,15.771010398864746,8
90,2022-02-01 10:00:00 UTC,64.784477233886719,71
94,2022-02-01 10:00:00 UTC,15.207000732421875,1
95,2022-02-01 10:00:00 UTC,8.6755094528198242,1
97,2022-02-01 10:00:00 UTC,8.9808740615844727,1
100,2022-02-01 11:00:00 UTC,58.835063934326172,61
107,2022-02-01 11:00:00 UTC,108.63668823242188,95
108,2022-02-01 11:00:00 UTC,13.908475875854492,1
112,2022-02-01 11:00:00 UTC,7.3769855499267578,1
113,2022-02-01 11:00:00 UTC,67.3831558227539,53
114,2022-02-01 11:00:00 UTC,18.929391860961914,21
116,2022-02-01 11:00:00 UTC,7.3636016845703125,10
121,2022-02-01 11:00:00 UTC,14.80363655090332,2
125,2022-02-01 11:00:00 UTC,21.581411361694336,21
127,2022-02-01 11:00:00 UTC,5.9678077697753906,1
13,2022-02-01 11:00:00 UTC,22.902545928955078,25
132,2022-02-01 11:00:00 UTC,108.18460083007812,65
133,2022-02-01 11:00:00 UTC,13.908475875854492,1
137,2022-02-01 11:00:00 UTC,66.9260482788086,86
138,2022-02-01 11:00:00 UTC,141.01234436035156,105
139,2022-02-01 11:00:00 UTC,13.908475875854492,1
14,2022-02-01 11:00:00 UTC,7.68234920501709,1
140,2022-02-01 11:00:00 UTC,166.76521301269531,119
141,2022-02-01 11:00:00 UTC,178.51951599121094,148
142,2022-02-01 11:00:00 UTC,157.40129089355469,187
143,2022-02-01 11:00:00 UTC,74.379676818847656,90
144,2022-02-01 11:00:00 UTC,16.60664176940918,20
145,2022-02-01 11:00:00 UTC,7.7941751480102539,6
146,2022-02-01 11:00:00 UTC,8.213658332824707,3
148,2022-02-01 11:00:00 UTC,15.356239318847656,12
149,2022-02-01 11:00:00 UTC,13.908475875854492,1
151,2022-02-01 11:00:00 UTC,69.640617370605469,83
152,2022-02-01 11:00:00 UTC,7.7975244522094727,3
158,2022-02-01 11:00:00 UTC,24.249061584472656,24
159,2022-02-01 11:00:00 UTC,7.68234920501709,2
161,2022-02-01 11:00:00 UTC,150.55157470703125,115
162,2022-02-01 11:00:00 UTC,136.45613098144531,156
163,2022-02-01 11:00:00 UTC,104.23382568359375,92
164,2022-02-01 11:00:00 UTC,79.193244934082031,88
166,2022-02-01 11:00:00 UTC,26.248834609985352,31
168,2022-02-01 11:00:00 UTC,7.3769855499267578,1
169,2022-02-01 11:00:00 UTC,7.3769855499267578,1
17,2022-02-01 11:00:00 UTC,8.17263126373291,2
170,2022-02-01 11:00:00 UTC,178.69046020507812,166
181,2022-02-01 11:00:00 UTC,7.3769855499267578,1
186,2022-02-01 11:00:00 UTC,157.40129089355469,143
188,2022-02-01 11:00:00 UTC,7.68234920501709,1
193,2022-02-01 11:00:00 UTC,9.4610166549682617,6
196,2022-02-01 11:00:00 UTC,7.3769855499267578,1
197,2022-02-01 11:00:00 UTC,7.3769855499267578,1
200,2022-02-01 11:00:00 UTC,13.908475875854492,1
207,2022-02-01 11:00:00 UTC,7.3769855499267578,1
209,2022-02-01 11:00:00 UTC,7.3636016845703125,4
211,2022-02-01 11:00:00 UTC,14.559649467468262,11
219,2022-02-01 11:00:00 UTC,8.17263126373291,1
223,2022-02-01 11:00:00 UTC,7.3769855499267578,1
224,2022-02-01 11:00:00 UTC,7.7975244522094727,6
226,2022-02-01 11:00:00 UTC,8.17263126373291,5
229,2022-02-01 11:00:00 UTC,139.32475280761719,114
230,2022-02-01 11:00:00 UTC,106.09499359130859,71
231,2022-02-01 11:00:00 UTC,53.109951019287109,63
232,2022-02-01 11:00:00 UTC,7.3636016845703125,4
233,2022-02-01 11:00:00 UTC,76.538871765136719,72
234,2022-02-01 11:00:00 UTC,104.23177337646484,122
235,2022-02-01 11:00:00 UTC,7.3769855499267578,2
236,2022-02-01 11:00:00 UTC,345.2198486328125,343
237,2022-02-01 11:00:00 UTC,345.2198486328125,338
238,2022-02-01 11:00:00 UTC,148.24598693847656,143
239,2022-02-01 11:00:00 UTC,163.34744262695312,186
24,2022-02-01 11:00:00 UTC,25.662788391113281,26
243,2022-02-01 11:00:00 UTC,5.9678077697753906,1
244,2022-02-01 11:00:00 UTC,7.7941751480102539,6
246,2022-02-01 11:00:00 UTC,48.902637481689453,66
247,2022-02-01 11:00:00 UTC,7.3769855499267578,1
248,2022-02-01 11:00:00 UTC,13.908475875854492,1
249,2022-02-01 11:00:00 UTC,67.907707214355469,56
25,2022-02-01 11:00:00 UTC,8.17263126373291,1
254,2022-02-01 11:00:00 UTC,7.3769855499267578,2
260,2022-02-01 11:00:00 UTC,7.3769855499267578,5
261,2022-02-01 11:00:00 UTC,14.90640926361084,12
262,2022-02-01 11:00:00 UTC,131.86845397949219,103
263,2022-02-01 11:00:00 UTC,114.47579193115234,130
264,2022-02-01 11:00:00 UTC,62.620319366455078,32
265,2022-02-01 11:00:00 UTC,16.6119384765625,19
29,2022-02-01 11:00:00 UTC,13.908475875854492,1
39,2022-02-01 11:00:00 UTC,7.68234920501709,1
4,2022-02-01 11:00:00 UTC,6.4991168975830078,3
40,2022-02-01 11:00:00 UTC,7.68234920501709,1
41,2022-02-01 11:00:00 UTC,20.474031448364258,18
42,2022-02-01 11:00:00 UTC,7.7975244522094727,11
43,2022-02-01 11:00:00 UTC,73.018379211425781,115
45,2022-02-01 11:00:00 UTC,7.3636016845703125,6
48,2022-02-01 11:00:00 UTC,106.85926055908203,118
49,2022-02-01 11:00:00 UTC,8.17263126373291,1
50,2022-02-01 11:00:00 UTC,60.548591613769531,35
51,2022-02-01 11:00:00 UTC,7.68234920501709,1
55,2022-02-01 11:00:00 UTC,7.3769855499267578,1
56,2022-02-01 11:00:00 UTC,7.68234920501709,1
56,2022-02-01 11:00:00 UTC,7.3769855499267578,1
68,2022-02-01 11:00:00 UTC,107.42570495605469,112
69,2022-02-01 11:00:00 UTC,7.3769855499267578,1
7,2022-02-01 11:00:00 UTC,7.68234920501709,6
70,2022-02-01 11:00:00 UTC,33.368862152099609,7
71,2022-02-01 11:00:00 UTC,13.908475875854492,1
74,2022-02-01 11:00:00 UTC,19.098997116088867,18
75,2022-02-01 11:00:00 UTC,47.600528717041016,49
76,2022-02-01 11:00:00 UTC,7.3769855499267578,2
78,2022-02-01 11:00:00 UTC,7.3769855499267578,1
79,2022-02-01 11:00:00 UTC,66.131515502929688,66
81,2022-02-01 11:00:00 UTC,13.908475875854492,1
86,2022-02-01 11:00:00 UTC,7.68234920501709,1
87,2022-02-01 11:00:00 UTC,14.828409194946289,17
88,2022-02-01 11:00:00 UTC,9.8949403762817383,4
90,2022-02-01 11:00:00 UTC,72.939872741699219,76
91,2022-02-01 11:00:00 UTC,7.3769855499267578,1
94,2022-02-01 11:00:00 UTC,13.908475875854492,1
97,2022-02-01 11:00:00 UTC,7.3769855499267578,1
1,2022-02-01 12:00:00 UTC,9.6004562377929688,3
100,2022-02-01 12:00:00 UTC,63.9370002746582,64
107,2022-02-01 12:00:00 UTC,112.28604888916016,105
113,2022-02-01 12:00:00 UTC,58.835063934326172,61
114,2022-02-01 12:00:00 UTC,24.680055618286133,30
116,2022-02-01 12:00:00 UTC,11.398463249206543,6
12,2022-02-01 12:00:00 UTC,5.6624441146850586,1
125,2022-02-01 12:00:00 UTC,19.054023742675781,13
126,2022-02-01 12:00:00 UTC,13.908475875854492,1
127,2022-02-01 12:00:00 UTC,5.6624441146850586,2
13,2022-02-01 12:00:00 UTC,24.249061584472656,24
132,2022-02-01 12:00:00 UTC,85.038742065429688,71
137,2022-02-01 12:00:00 UTC,84.642570495605469,83
138,2022-02-01 12:00:00 UTC,125.60658264160156,97
140,2022-02-01 12:00:00 UTC,139.97084045410156,99
141,2022-02-01 12:00:00 UTC,170.30162048339844,153
142,2022-02-01 12:00:00 UTC,172.10438537597656,181
143,2022-02-01 12:00:00 UTC,97.9249038696289,92
144,2022-02-01 12:00:00 UTC,17.631618499755859,15
145,2022-02-01 12:00:00 UTC,7.3636016845703125,7
146,2022-02-01 12:00:00 UTC,8.17263126373291,1
148,2022-02-01 12:00:00 UTC,16.084770202636719,20
15,2022-02-01 12:00:00 UTC,13.908475875854492,1
151,2022-02-01 12:00:00 UTC,73.759353637695312,82
152,2022-02-01 12:00:00 UTC,6.8920135498046875,8
158,2022-02-01 12:00:00 UTC,23.628402709960938,15
161,2022-02-01 12:00:00 UTC,161.14364624023438,146
162,2022-02-01 12:00:00 UTC,154.17794799804688,160
163,2022-02-01 12:00:00 UTC,109.01657867431641,131
164,2022-02-01 12:00:00 UTC,92.1496810913086,108
166,2022-02-01 12:00:00 UTC,25.697280883789062,32
168,2022-02-01 12:00:00 UTC,7.3769855499267578,1
170,2022-02-01 12:00:00 UTC,193.39750671386719,174
181,2022-02-01 12:00:00 UTC,7.3769855499267578,1
186,2022-02-01 12:00:00 UTC,142.05572509765625,142
188,2022-02-01 12:00:00 UTC,7.3769855499267578,1
193,2022-02-01 12:00:00 UTC,7.3636016845703125,8
196,2022-02-01 12:00:00 UTC,7.3769855499267578,1
198,2022-02-01 12:00:00 UTC,7.3769855499267578,1
209,2022-02-01 12:00:00 UTC,6.933039665222168,6
210,2022-02-01 12:00:00 UTC,7.3769855499267578,1
211,2022-02-01 12:00:00 UTC,13.201727867126465,18
215,2022-02-01 12:00:00 UTC,7.3769855499267578,1
22,2022-02-01 12:00:00 UTC,13.908475875854492,1
220,2022-02-01 12:00:00 UTC,13.908475875854492,1
223,2022-02-01 12:00:00 UTC,7.3769855499267578,1
224,2022-02-01 12:00:00 UTC,11.985538482666016,14
225,2022-02-01 12:00:00 UTC,7.3769855499267578,1
226,2022-02-01 12:00:00 UTC,7.3636016845703125,5
229,2022-02-01 12:00:00 UTC,114.18697357177734,132
230,2022-02-01 12:00:00 UTC,83.1568374633789,99
231,2022-02-01 12:00:00 UTC,65.291397094726562,56
232,2022-02-01 12:00:00 UTC,6.933039665222168,1
233,2022-02-01 12:00:00 UTC,66.9260482788086,59
234,2022-02-01 12:00:00 UTC,119.88736724853516,145
236,2022-02-01 12:00:00 UTC,343.28567504882812,396
237,2022-02-01 12:00:00 UTC,323.34182739257812,390
238,2022-02-01 12:00:00 UTC,154.06150817871094,164
239,2022-02-01 12:00:00 UTC,174.61709594726562,186
24,2022-02-01 12:00:00 UTC,25.662788391113281,29
243,2022-02-01 12:00:00 UTC,5.6624441146850586,1
244,2022-02-01 12:00:00 UTC,7.3636016845703125,9
246,2022-02-01 12:00:00 UTC,60.9996452331543,57
249,2022-02-01 12:00:00 UTC,61.480632781982422,47
25,2022-02-01 12:00:00 UTC,7.3769855499267578,3
250,2022-02-01 12:00:00 UTC,13.908475875854492,1
260,2022-02-01 12:00:00 UTC,7.3636016845703125,1
261,2022-02-01 12:00:00 UTC,15.88078498840332,14
262,2022-02-01 12:00:00 UTC,114.52650451660156,115
263,2022-02-01 12:00:00 UTC,118.67470550537109,100
264,2022-02-01 12:00:00 UTC,35.104598999023438,35
265,2022-02-01 12:00:00 UTC,18.00164794921875,26
33,2022-02-01 12:00:00 UTC,7.68234920501709,5
34,2022-02-01 12:00:00 UTC,13.908475875854492,1
35,2022-02-01 12:00:00 UTC,7.68234920501709,2
39,2022-02-01 12:00:00 UTC,7.3769855499267578,1
4,2022-02-01 12:00:00 UTC,6.8920135498046875,7
41,2022-02-01 12:00:00 UTC,19.578569412231445,18
42,2022-02-01 12:00:00 UTC,14.472485542297363,5
43,2022-02-01 12:00:00 UTC,107.834716796875,119
45,2022-02-01 12:00:00 UTC,7.3636016845703125,6
48,2022-02-01 12:00:00 UTC,116.11561584472656,114
50,2022-02-01 12:00:00 UTC,35.963932037353516,45
52,2022-02-01 12:00:00 UTC,7.3769855499267578,1
56,2022-02-01 12:00:00 UTC,7.3769855499267578,1
56,2022-02-01 12:00:00 UTC,7.3769855499267578,1
61,2022-02-01 12:00:00 UTC,8.17263126373291,2
63,2022-02-01 12:00:00 UTC,13.908475875854492,1
64,2022-02-01 12:00:00 UTC,13.908475875854492,1
65,2022-02-01 12:00:00 UTC,8.17263126373291,5
68,2022-02-01 12:00:00 UTC,109.81232452392578,130
69,2022-02-01 12:00:00 UTC,7.3769855499267578,2
7,2022-02-01 12:00:00 UTC,7.3636016845703125,3
70,2022-02-01 12:00:00 UTC,7.7941751480102539,9
74,2022-02-01 12:00:00 UTC,18.526193618774414,21
75,2022-02-01 12:00:00 UTC,45.995525360107422,68
76,2022-02-01 12:00:00 UTC,7.68234920501709,1
79,2022-02-01 12:00:00 UTC,68.8460922241211,57
83,2022-02-01 12:00:00 UTC,7.3769855499267578,1
87,2022-02-01 12:00:00 UTC,17.229158401489258,17
88,2022-02-01 12:00:00 UTC,6.4991168975830078,10
90,2022-02-01 12:00:00 UTC,76.272590637207031,78
95,2022-02-01 12:00:00 UTC,7.3769855499267578,2
97,2022-02-01 12:00:00 UTC,7.3769855499267578,4
10,2022-02-01 13:00:00 UTC,7.68234920501709,1
100,2022-02-01 13:00:00 UTC,69.2971420288086,63
107,2022-02-01 13:00:00 UTC,109.06552886962891,112
112,2022-02-01 13:00:00 UTC,7.3769855499267578,1
113,2022-02-01 13:00:00 UTC,66.582565307617188,51
114,2022-02-01 13:00:00 UTC,28.842258453369141,39
116,2022-02-01 13:00:00 UTC,8.6545724868774414,4
119,2022-02-01 13:00:00 UTC,7.68234920501709,1
12,2022-02-01 13:00:00 UTC,5.6624441146850586,1
125,2022-02-01 13:00:00 UTC,15.356239318847656,16
13,2022-02-01 13:00:00 UTC,30.987173080444336,24
130,2022-02-01 13:00:00 UTC,7.3769855499267578,1
131,2022-02-01 13:00:00 UTC,13.908475875854492,1
132,2022-02-01 13:00:00 UTC,79.902877807617188,122
137,2022-02-01 13:00:00 UTC,78.913246154785156,80
138,2022-02-01 13:00:00 UTC,115.21811676025391,145
140,2022-02-01 13:00:00 UTC,124.12259674072266,159
141,2022-02-01 13:00:00 UTC,167.48152160644531,178
142,2022-02-01 13:00:00 UTC,172.59194946289062,201
143,2022-02-01 13:00:00 UTC,101.34058380126953,85
144,2022-02-01 13:00:00 UTC,15.086816787719727,25
145,2022-02-01 13:00:00 UTC,10.137521743774414,1
146,2022-02-01 13:00:00 UTC,7.3769855499267578,4
148,2022-02-01 13:00:00 UTC,22.82105827331543,23
151,2022-02-01 13:00:00 UTC,72.468185424804688,69
152,2022-02-01 13:00:00 UTC,10.84351634979248,9
155,2022-02-01 13:00:00 UTC,7.68234920501709,1
158,2022-02-01 13:00:00 UTC,17.854169845581055,23
161,2022-02-01 13:00:00 UTC,190.16204833984375,190
162,2022-02-01 13:00:00 UTC,168.53480529785156,170
163,2022-02-01 13:00:00 UTC,145.92453002929688,157
164,2022-02-01 13:00:00 UTC,109.76523590087891,109
166,2022-02-01 13:00:00 UTC,32.034580230712891,36
168,2022-02-01 13:00:00 UTC,7.3769855499267578,3
169,2022-02-01 13:00:00 UTC,7.3769855499267578,1
170,2022-02-01 13:00:00 UTC,174.92448425292969,174
171,2022-02-01 13:00:00 UTC,13.908475875854492,1
18,2022-02-01 13:00:00 UTC,13.908475875854492,1
181,2022-02-01 13:00:00 UTC,7.3769855499267578,1
182,2022-02-01 13:00:00 UTC,7.3769855499267578,1
185,2022-02-01 13:00:00 UTC,14.80363655090332,1
186,2022-02-01 13:00:00 UTC,128.44168090820312,141
189,2022-02-01 13:00:00 UTC,7.3769855499267578,1
193,2022-02-01 13:00:00 UTC,9.4610166549682617,11
198,2022-02-01 13:00:00 UTC,7.3769855499267578,1
205,2022-02-01 13:00:00 UTC,7.3769855499267578,1
207,2022-02-01 13:00:00 UTC,7.3769855499267578,3
209,2022-02-01 13:00:00 UTC,7.7975244522094727,9
211,2022-02-01 13:00:00 UTC,16.761041641235352,17
216,2022-02-01 13:00:00 UTC,7.3769855499267578,1
217,2022-02-01 13:00:00 UTC,13.908475875854492,1
223,2022-02-01 13:00:00 UTC,7.3769855499267578,2
224,2022-02-01 13:00:00 UTC,18.523193359375,6
225,2022-02-01 13:00:00 UTC,7.3769855499267578,3
226,2022-02-01 13:00:00 UTC,14.108015060424805,4
227,2022-02-01 13:00:00 UTC,13.908475875854492,1
229,2022-02-01 13:00:00 UTC,122.44645690917969,115
230,2022-02-01 13:00:00 UTC,109.50229644775391,98
231,2022-02-01 13:00:00 UTC,60.1894645690918,57
232,2022-02-01 13:00:00 UTC,5.6624441146850586,1
233,2022-02-01 13:00:00 UTC,66.582565307617188,56
234,2022-02-01 13:00:00 UTC,128.44168090820312,132
236,2022-02-01 13:00:00 UTC,364.44647216796875,337
237,2022-02-01 13:00:00 UTC,364.44647216796875,369
238,2022-02-01 13:00:00 UTC,163.12922668457031,171
239,2022-02-01 13:00:00 UTC,171.73614501953125,189
24,2022-02-01 13:00:00 UTC,26.94218635559082,24
244,2022-02-01 13:00:00 UTC,10.886539459228516,5
246,2022-02-01 13:00:00 UTC,59.6649169921875,52
249,2022-02-01 13:00:00 UTC,58.880203247070312,67
25,2022-02-01 13:00:00 UTC,8.17263126373291,2
254,2022-02-01 13:00:00 UTC,7.68234920501709,1
256,2022-02-01 13:00:00 UTC,7.3769855499267578,2
261,2022-02-01 13:00:00 UTC,16.4079532623291,24
262,2022-02-01 13:00:00 UTC,111.06041717529297,100
263,2022-02-01 13:00:00 UTC,108.34098815917969,139
264,2022-02-01 13:00:00 UTC,36.514766693115234,55
265,2022-02-01 13:00:00 UTC,24.622657775878906,19
28,2022-02-01 13:00:00 UTC,7.3769855499267578,3
35,2022-02-01 13:00:00 UTC,7.68234920501709,2
4,2022-02-01 13:00:00 UTC,10.137521743774414,2
41,2022-02-01 13:00:00 UTC,19.578569412231445,19
42,2022-02-01 13:00:00 UTC,7.3636016845703125,6
43,2022-02-01 13:00:00 UTC,114.91752624511719,117
44,2022-02-01 13:00:00 UTC,13.908475875854492,1
45,2022-02-01 13:00:00 UTC,7.3636016845703125,7
48,2022-02-01 13:00:00 UTC,108.14437103271484,97
50,2022-02-01 13:00:00 UTC,43.074062347412109,38
51,2022-02-01 13:00:00 UTC,7.3769855499267578,1
61,2022-02-01 13:00:00 UTC,7.68234920501709,1
62,2022-02-01 13:00:00 UTC,7.3769855499267578,1
65,2022-02-01 13:00:00 UTC,7.3636016845703125,1
68,2022-02-01 13:00:00 UTC,115.22507476806641,128
7,2022-02-01 13:00:00 UTC,8.17263126373291,2
70,2022-02-01 13:00:00 UTC,11.320463180541992,26
74,2022-02-01 13:00:00 UTC,18.257434844970703,15
75,2022-02-01 13:00:00 UTC,66.4749984741211,81
76,2022-02-01 13:00:00 UTC,7.3769855499267578,1
79,2022-02-01 13:00:00 UTC,61.029579162597656,78
81,2022-02-01 13:00:00 UTC,13.908475875854492,1
87,2022-02-01 13:00:00 UTC,18.478338241577148,16
88,2022-02-01 13:00:00 UTC,10.964539527893066,7
90,2022-02-01 13:00:00 UTC,78.913246154785156,88
92,2022-02-01 13:00:00 UTC,13.908475875854492,1
95,2022-02-01 13:00:00 UTC,7.68234920501709,2
97,2022-02-01 13:00:00 UTC,8.213658332824707,3
10,2022-02-01 14:00:00 UTC,7.0463581085205078,5
100,2022-02-01 14:00:00 UTC,67.687301635742188,85
107,2022-02-01 14:00:00 UTC,115.839599609375,123
112,2022-02-01 14:00:00 UTC,7.0463581085205078,1
113,2022-02-01 14:00:00 UTC,58.835063934326172,65
114,2022-02-01 14:00:00 UTC,42.930057525634766,26
116,2022-02-01 14:00:00 UTC,6.1684894561767578,6
119,2022-02-01 14:00:00 UTC,7.0463581085205078,1
125,2022-02-01 14:00:00 UTC,16.626613616943359,24
13,2022-02-01 14:00:00 UTC,22.902545928955078,20
132,2022-02-01 14:00:00 UTC,138.36041259765625,212
137,2022-02-01 14:00:00 UTC,76.473922729492188,70
138,2022-02-01 14:00:00 UTC,134.56663513183594,146
14,2022-02-01 14:00:00 UTC,7.0463581085205078,1
140,2022-02-01 14:00:00 UTC,170.36347961425781,170
141,2022-02-01 14:00:00 UTC,184.104248046875,186
142,2022-02-01 14:00:00 UTC,183.62065124511719,181
143,2022-02-01 14:00:00 UTC,86.460456848144531,98
144,2022-02-01 14:00:00 UTC,23.855075836181641,34
145,2022-02-01 14:00:00 UTC,7.0463581085205078,4
146,2022-02-01 14:00:00 UTC,7.883030891418457,2
148,2022-02-01 14:00:00 UTC,23.855075836181641,21
151,2022-02-01 14:00:00 UTC,69.640617370605469,59
152,2022-02-01 14:00:00 UTC,10.555912017822266,1
155,2022-02-01 14:00:00 UTC,7.0463581085205078,1
158,2022-02-01 14:00:00 UTC,22.3099422454834,19
16,2022-02-01 14:00:00 UTC,13.908475875854492,1
161,2022-02-01 14:00:00 UTC,229.07405090332031,237
162,2022-02-01 14:00:00 UTC,180.76177978515625,229
163,2022-02-01 14:00:00 UTC,166.9183349609375,177
164,2022-02-01 14:00:00 UTC,110.75965118408203,103
165,2022-02-01 14:00:00 UTC,13.908475875854492,1
166,2022-02-01 14:00:00 UTC,36.514003753662109,44
170,2022-02-01 14:00:00 UTC,197.08551025390625,174
179,2022-02-01 14:00:00 UTC,7.0463581085205078,3
186,2022-02-01 14:00:00 UTC,143.69772338867188,106
188,2022-02-01 14:00:00 UTC,7.0463581085205078,1
191,2022-02-01 14:00:00 UTC,14.80363655090332,1
193,2022-02-01 14:00:00 UTC,14.063858032226562,8
209,2022-02-01 14:00:00 UTC,10.555912017822266,6
210,2022-02-01 14:00:00 UTC,7.0463581085205078,1
211,2022-02-01 14:00:00 UTC,21.549823760986328,28
219,2022-02-01 14:00:00 UTC,7.0463581085205078,1
220,2022-02-01 14:00:00 UTC,7.0463581085205078,1
222,2022-02-01 14:00:00 UTC,14.80363655090332,1
224,2022-02-01 14:00:00 UTC,7.0329742431640625,5
226,2022-02-01 14:00:00 UTC,9.1740016937255859,3
229,2022-02-01 14:00:00 UTC,134.82220458984375,132
230,2022-02-01 14:00:00 UTC,109.50229644775391,107
231,2022-02-01 14:00:00 UTC,59.6649169921875,69
232,2022-02-01 14:00:00 UTC,5.3318166732788086,2
233,2022-02-01 14:00:00 UTC,62.585365295410156,83
234,2022-02-01 14:00:00 UTC,138.21296691894531,159
236,2022-02-01 14:00:00 UTC,365.93930053710938,396
237,2022-02-01 14:00:00 UTC,372.2945556640625,421
238,2022-02-01 14:00:00 UTC,168.59486389160156,183
239,2022-02-01 14:00:00 UTC,189.01246643066406,200
24,2022-02-01 14:00:00 UTC,24.249061584472656,21
242,2022-02-01 14:00:00 UTC,7.0463581085205078,1
244,2022-02-01 14:00:00 UTC,7.0329742431640625,3
246,2022-02-01 14:00:00 UTC,51.294235229492188,36
248,2022-02-01 14:00:00 UTC,13.908475875854492,1
249,2022-02-01 14:00:00 UTC,66.582565307617188,86
25,2022-02-01 14:00:00 UTC,7.35172176361084,2
255,2022-02-01 14:00:00 UTC,7.480280876159668,1
261,2022-02-01 14:00:00 UTC,24.498016357421875,16
262,2022-02-01 14:00:00 UTC,98.035324096679688,119
263,2022-02-01 14:00:00 UTC,134.86476135253906,155
264,2022-02-01 14:00:00 UTC,56.8568229675293,40
265,2022-02-01 14:00:00 UTC,22.473804473876953,25
33,2022-02-01 14:00:00 UTC,7.0329742431640625,2
35,2022-02-01 14:00:00 UTC,7.35172176361084,1
4,2022-02-01 14:00:00 UTC,7.4184341430664062,4
40,2022-02-01 14:00:00 UTC,7.0463581085205078,1
41,2022-02-01 14:00:00 UTC,19.578569412231445,26
42,2022-02-01 14:00:00 UTC,7.0329742431640625,8
43,2022-02-01 14:00:00 UTC,108.61423492431641,153
45,2022-02-01 14:00:00 UTC,7.4635477066040039,7
48,2022-02-01 14:00:00 UTC,108.34098815917969,116
5,2022-02-01 14:00:00 UTC,13.908475875854492,1
50,2022-02-01 14:00:00 UTC,39.699886322021484,34
51,2022-02-01 14:00:00 UTC,7.0463581085205078,1
52,2022-02-01 14:00:00 UTC,7.0463581085205078,1
57,2022-02-01 14:00:00 UTC,48.352565765380859,1
61,2022-02-01 14:00:00 UTC,7.0463581085205078,1
65,2022-02-01 14:00:00 UTC,7.0463581085205078,1
66,2022-02-01 14:00:00 UTC,7.0463581085205078,2
68,2022-02-01 14:00:00 UTC,122.14866638183594,90
69,2022-02-01 14:00:00 UTC,7.35172176361084,1
7,2022-02-01 14:00:00 UTC,7.35172176361084,4
70,2022-02-01 14:00:00 UTC,23.922523498535156,19
74,2022-02-01 14:00:00 UTC,15.086816787719727,18
75,2022-02-01 14:00:00 UTC,76.473922729492188,69
76,2022-02-01 14:00:00 UTC,7.0463581085205078,1
79,2022-02-01 14:00:00 UTC,80.83306884765625,66
80,2022-02-01 14:00:00 UTC,7.0463581085205078,1
82,2022-02-01 14:00:00 UTC,7.0463581085205078,1
83,2022-02-01 14:00:00 UTC,7.0463581085205078,1
87,2022-02-01 14:00:00 UTC,16.882400512695312,19
88,2022-02-01 14:00:00 UTC,7.8974704742431641,16
90,2022-02-01 14:00:00 UTC,89.001724243164062,77
95,2022-02-01 14:00:00 UTC,7.35172176361084,2
97,2022-02-01 14:00:00 UTC,7.84200382232666,1
1,2022-02-01 15:00:00 UTC,11.333738327026367,1
10,2022-02-01 15:00:00 UTC,5.3991794586181641,3
100,2022-02-01 15:00:00 UTC,87.081901550292969,78
106,2022-02-01 15:00:00 UTC,6.06702184677124,1
107,2022-02-01 15:00:00 UTC,126.74608612060547,139
113,2022-02-01 15:00:00 UTC,70.349494934082031,88
114,2022-02-01 15:00:00 UTC,30.17671012878418,27
116,2022-02-01 15:00:00 UTC,6.0536379814147949,6
119,2022-02-01 15:00:00 UTC,6.06702184677124,2
12,2022-02-01 15:00:00 UTC,4.352480411529541,3
123,2022-02-01 15:00:00 UTC,13.908475875854492,1
124,2022-02-01 15:00:00 UTC,13.908475875854492,1
125,2022-02-01 15:00:00 UTC,21.103322982788086,16
129,2022-02-01 15:00:00 UTC,6.8626680374145508,1
13,2022-02-01 15:00:00 UTC,18.599233627319336,23
130,2022-02-01 15:00:00 UTC,6.06702184677124,2
132,2022-02-01 15:00:00 UTC,202.11956787109375,289
137,2022-02-01 15:00:00 UTC,76.638412475585938,101
138,2022-02-01 15:00:00 UTC,142.33865356445312,166
140,2022-02-01 15:00:00 UTC,193.39750671386719,193
141,2022-02-01 15:00:00 UTC,201.82789611816406,189
142,2022-02-01 15:00:00 UTC,186.63194274902344,186
143,2022-02-01 15:00:00 UTC,108.03505706787109,96
144,2022-02-01 15:00:00 UTC,31.475543975830078,35
145,2022-02-01 15:00:00 UTC,8.1946659088134766,9
148,2022-02-01 15:00:00 UTC,22.924858093261719,11
151,2022-02-01 15:00:00 UTC,63.384738922119141,81
152,2022-02-01 15:00:00 UTC,4.352480411529541,6
158,2022-02-01 15:00:00 UTC,18.985965728759766,18
159,2022-02-01 15:00:00 UTC,6.3723855018615723,1
161,2022-02-01 15:00:00 UTC,255.38899230957031,261
162,2022-02-01 15:00:00 UTC,211.38551330566406,176
163,2022-02-01 15:00:00 UTC,179.68702697753906,191
164,2022-02-01 15:00:00 UTC,112.27559661865234,117
165,2022-02-01 15:00:00 UTC,6.06702184677124,1
166,2022-02-01 15:00:00 UTC,43.6241340637207,50
168,2022-02-01 15:00:00 UTC,6.8626680374145508,3
170,2022-02-01 15:00:00 UTC,197.08551025390625,176
174,2022-02-01 15:00:00 UTC,13.908475875854492,2
179,2022-02-01 15:00:00 UTC,6.8626680374145508,2
181,2022-02-01 15:00:00 UTC,6.06702184677124,1
186,2022-02-01 15:00:00 UTC,123.53620910644531,134
193,2022-02-01 15:00:00 UTC,8.1510524749755859,9
197,2022-02-01 15:00:00 UTC,6.06702184677124,1
200,2022-02-01 15:00:00 UTC,13.908475875854492,1
209,2022-02-01 15:00:00 UTC,6.0536379814147949,8
210,2022-02-01 15:00:00 UTC,6.06702184677124,1
211,2022-02-01 15:00:00 UTC,25.138242721557617,29
219,2022-02-01 15:00:00 UTC,6.06702184677124,2
224,2022-02-01 15:00:00 UTC,6.0536379814147949,4
226,2022-02-01 15:00:00 UTC,6.8626680374145508,4
229,2022-02-01 15:00:00 UTC,125.36227416992188,124
230,2022-02-01 15:00:00 UTC,115.32832336425781,128
231,2022-02-01 15:00:00 UTC,65.0826187133789,66
232,2022-02-01 15:00:00 UTC,4.657844066619873,1
233,2022-02-01 15:00:00 UTC,78.291801452636719,78
234,2022-02-01 15:00:00 UTC,164.67855834960938,159
235,2022-02-01 15:00:00 UTC,6.3723855018615723,1
236,2022-02-01 15:00:00 UTC,408.35894775390625,466
237,2022-02-01 15:00:00 UTC,387.10006713867188,423
238,2022-02-01 15:00:00 UTC,173.97840881347656,213
239,2022-02-01 15:00:00 UTC,194.23619079589844,189
24,2022-02-01 15:00:00 UTC,30.27943229675293,32
243,2022-02-01 15:00:00 UTC,4.352480411529541,1
244,2022-02-01 15:00:00 UTC,5.58204984664917,6
246,2022-02-01 15:00:00 UTC,39.209846496582031,74
247,2022-02-01 15:00:00 UTC,6.06702184677124,2
249,2022-02-01 15:00:00 UTC,86.460456848144531,82
25,2022-02-01 15:00:00 UTC,6.3723855018615723,1
254,2022-02-01 15:00:00 UTC,6.06702184677124,1
261,2022-02-01 15:00:00 UTC,19.098997116088867,19
262,2022-02-01 15:00:00 UTC,110.76076507568359,84
263,2022-02-01 15:00:00 UTC,149.59855651855469,159
264,2022-02-01 15:00:00 UTC,44.551277160644531,65
265,2022-02-01 15:00:00 UTC,24.839427947998047,30
33,2022-02-01 15:00:00 UTC,6.3723855018615723,1
36,2022-02-01 15:00:00 UTC,6.06702184677124,1
4,2022-02-01 15:00:00 UTC,5.18915319442749,2
40,2022-02-01 15:00:00 UTC,6.06702184677124,1
41,2022-02-01 15:00:00 UTC,23.953592300415039,23
42,2022-02-01 15:00:00 UTC,8.1510524749755859,13
43,2022-02-01 15:00:00 UTC,131.71751403808594,136
45,2022-02-01 15:00:00 UTC,6.4842114448547363,8
47,2022-02-01 15:00:00 UTC,13.908475875854492,1
48,2022-02-01 15:00:00 UTC,109.13878631591797,94
50,2022-02-01 15:00:00 UTC,35.439384460449219,27
52,2022-02-01 15:00:00 UTC,6.06702184677124,1
61,2022-02-01 15:00:00 UTC,6.06702184677124,2
62,2022-02-01 15:00:00 UTC,6.06702184677124,1
68,2022-02-01 15:00:00 UTC,100.28038024902344,111
69,2022-02-01 15:00:00 UTC,6.06702184677124,1
7,2022-02-01 15:00:00 UTC,6.9036946296691895,1
70,2022-02-01 15:00:00 UTC,24.953462600708008,22
72,2022-02-01 15:00:00 UTC,6.3723855018615723,1
74,2022-02-01 15:00:00 UTC,18.257434844970703,26
75,2022-02-01 15:00:00 UTC,67.300827026367188,96
77,2022-02-01 15:00:00 UTC,13.908475875854492,1
79,2022-02-01 15:00:00 UTC,65.579254150390625,78
82,2022-02-01 15:00:00 UTC,6.06702184677124,1
87,2022-02-01 15:00:00 UTC,19.853372573852539,16
88,2022-02-01 15:00:00 UTC,18.468862533569336,14
90,2022-02-01 15:00:00 UTC,78.15966796875,77
92,2022-02-01 15:00:00 UTC,13.908475875854492,1
93,2022-02-01 15:00:00 UTC,6.06702184677124,3
94,2022-02-01 15:00:00 UTC,13.908475875854492,1
95,2022-02-01 15:00:00 UTC,6.3723855018615723,1
97,2022-02-01 15:00:00 UTC,6.06702184677124,1
1,2022-02-01 16:00:00 UTC,8.29049301147461,1
10,2022-02-01 16:00:00 UTC,6.8626680374145508,5
100,2022-02-01 16:00:00 UTC,78.809616088867188,77
107,2022-02-01 16:00:00 UTC,130.6839599609375,108
113,2022-02-01 16:00:00 UTC,84.5389404296875,77
114,2022-02-01 16:00:00 UTC,33.490715026855469,28
116,2022-02-01 16:00:00 UTC,6.0536379814147949,3
119,2022-02-01 16:00:00 UTC,6.3723855018615723,1
12,2022-02-01 16:00:00 UTC,5.1481266021728516,1
125,2022-02-01 16:00:00 UTC,16.699653625488281,19
127,2022-02-01 16:00:00 UTC,4.657844066619873,3
13,2022-02-01 16:00:00 UTC,22.271997451782227,39
132,2022-02-01 16:00:00 UTC,268.25961303710938,192
136,2022-02-01 16:00:00 UTC,6.3723855018615723,1
137,2022-02-01 16:00:00 UTC,107.60282897949219,88
138,2022-02-01 16:00:00 UTC,164.91815185546875,94
139,2022-02-01 16:00:00 UTC,13.908475875854492,1
140,2022-02-01 16:00:00 UTC,220.13333129882812,212
141,2022-02-01 16:00:00 UTC,182.9244384765625,148
142,2022-02-01 16:00:00 UTC,196.97239685058594,222
143,2022-02-01 16:00:00 UTC,102.40951538085938,95
144,2022-02-01 16:00:00 UTC,30.057516098022461,40
145,2022-02-01 16:00:00 UTC,9.4340410232543945,8
146,2022-02-01 16:00:00 UTC,6.3723855018615723,1
148,2022-02-01 16:00:00 UTC,16.27601432800293,27
149,2022-02-01 16:00:00 UTC,13.908475875854492,1
15,2022-02-01 16:00:00 UTC,13.908475875854492,1
151,2022-02-01 16:00:00 UTC,76.370292663574219,66
152,2022-02-01 16:00:00 UTC,5.4771795272827148,9
157,2022-02-01 16:00:00 UTC,6.06702184677124,1
158,2022-02-01 16:00:00 UTC,18.985965728759766,27
16,2022-02-01 16:00:00 UTC,13.908475875854492,1
161,2022-02-01 16:00:00 UTC,269.366943359375,302
162,2022-02-01 16:00:00 UTC,182.865966796875,224
163,2022-02-01 16:00:00 UTC,189.18923950195312,182
164,2022-02-01 16:00:00 UTC,114.08334350585938,124
165,2022-02-01 16:00:00 UTC,6.06702184677124,1
166,2022-02-01 16:00:00 UTC,51.140239715576172,48
169,2022-02-01 16:00:00 UTC,6.06702184677124,1
17,2022-02-01 16:00:00 UTC,6.3723855018615723,1
170,2022-02-01 16:00:00 UTC,197.08551025390625,193
177,2022-02-01 16:00:00 UTC,6.06702184677124,1
18,2022-02-01 16:00:00 UTC,13.908475875854492,1
181,2022-02-01 16:00:00 UTC,6.06702184677124,1
186,2022-02-01 16:00:00 UTC,123.64777374267578,133
187,2022-02-01 16:00:00 UTC,44.865055084228516,1
188,2022-02-01 16:00:00 UTC,6.06702184677124,1
189,2022-02-01 16:00:00 UTC,6.06702184677124,1
19,2022-02-01 16:00:00 UTC,13.908475875854492,1
191,2022-02-01 16:00:00 UTC,13.908475875854492,1
193,2022-02-01 16:00:00 UTC,9.5765762329101562,14
197,2022-02-01 16:00:00 UTC,6.06702184677124,1
200,2022-02-01 16:00:00 UTC,13.908475875854492,1
202,2022-02-01 16:00:00 UTC,12.193933486938477,1
205,2022-02-01 16:00:00 UTC,6.06702184677124,1
209,2022-02-01 16:00:00 UTC,8.1510524749755859,4
211,2022-02-01 16:00:00 UTC,23.720216751098633,41
213,2022-02-01 16:00:00 UTC,6.06702184677124,1
220,2022-02-01 16:00:00 UTC,6.06702184677124,1
224,2022-02-01 16:00:00 UTC,5.6230764389038086,3
226,2022-02-01 16:00:00 UTC,6.9036946296691895,6
229,2022-02-01 16:00:00 UTC,115.62644958496094,102
230,2022-02-01 16:00:00 UTC,142.50532531738281,178
231,2022-02-01 16:00:00 UTC,62.991424560546875,61
232,2022-02-01 16:00:00 UTC,4.352480411529541,3
233,2022-02-01 16:00:00 UTC,76.370292663574219,67
234,2022-02-01 16:00:00 UTC,169.13810729980469,179
236,2022-02-01 16:00:00 UTC,397.90570068359375,423
237,2022-02-01 16:00:00 UTC,367.07211303710938,391
238,2022-02-01 16:00:00 UTC,197.06385803222656,177
239,2022-02-01 16:00:00 UTC,197.1707763671875,165
24,2022-02-01 16:00:00 UTC,32.677944183349609,17
242,2022-02-01 16:00:00 UTC,6.06702184677124,2
244,2022-02-01 16:00:00 UTC,6.0536379814147949,7
246,2022-02-01 16:00:00 UTC,77.465240478515625,74
247,2022-02-01 16:00:00 UTC,6.3723855018615723,1
249,2022-02-01 16:00:00 UTC,76.370292663574219,74
255,2022-02-01 16:00:00 UTC,8.3108539581298828,3
256,2022-02-01 16:00:00 UTC,6.3723855018615723,2
259,2022-02-01 16:00:00 UTC,14.80363655090332,1
261,2022-02-01 16:00:00 UTC,19.3277645111084,18
262,2022-02-01 16:00:00 UTC,86.980804443359375,82
263,2022-02-01 16:00:00 UTC,159.86613464355469,128
264,2022-02-01 16:00:00 UTC,61.249202728271484,43
265,2022-02-01 16:00:00 UTC,26.790239334106445,26
33,2022-02-01 16:00:00 UTC,6.06702184677124,2
38,2022-02-01 16:00:00 UTC,13.908475875854492,1
4,2022-02-01 16:00:00 UTC,4.657844066619873,5
41,2022-02-01 16:00:00 UTC,22.862363815307617,22
42,2022-02-01 16:00:00 UTC,12.166263580322266,12
43,2022-02-01 16:00:00 UTC,126.53590393066406,99
45,2022-02-01 16:00:00 UTC,8.5849761962890625,8
48,2022-02-01 16:00:00 UTC,101.02132415771484,99
50,2022-02-01 16:00:00 UTC,31.554998397827148,40
52,2022-02-01 16:00:00 UTC,6.06702184677124,1
65,2022-02-01 16:00:00 UTC,6.06702184677124,6
68,2022-02-01 16:00:00 UTC,105.44777679443359,100
7,2022-02-01 16:00:00 UTC,7.8482756614685059,2
70,2022-02-01 16:00:00 UTC,19.364805221557617,31
72,2022-02-01 16:00:00 UTC,6.06702184677124,1
74,2022-02-01 16:00:00 UTC,22.202825546264648,20
75,2022-02-01 16:00:00 UTC,87.1986312866211,64
78,2022-02-01 16:00:00 UTC,6.06702184677124,1
79,2022-02-01 16:00:00 UTC,80.729438781738281,79
82,2022-02-01 16:00:00 UTC,6.06702184677124,1
85,2022-02-01 16:00:00 UTC,13.908475875854492,1
86,2022-02-01 16:00:00 UTC,6.06702184677124,1
87,2022-02-01 16:00:00 UTC,18.478338241577148,28
88,2022-02-01 16:00:00 UTC,14.376240730285645,14
9,2022-02-01 16:00:00 UTC,13.908475875854492,1
90,2022-02-01 16:00:00 UTC,81.203201293945312,90
93,2022-02-01 16:00:00 UTC,6.8626680374145508,2
95,2022-02-01 16:00:00 UTC,6.06702184677124,2
100,2022-02-01 17:00:00 UTC,84.599479675292969,129
107,2022-02-01 17:00:00 UTC,123.43257904052734,169
112,2022-02-01 17:00:00 UTC,6.06702184677124,1
113,2022-02-01 17:00:00 UTC,72.907485961914062,71
114,2022-02-01 17:00:00 UTC,30.458328247070312,56
116,2022-02-01 17:00:00 UTC,6.4390978813171387,4
125,2022-02-01 17:00:00 UTC,20.304426193237305,22
13,2022-02-01 17:00:00 UTC,37.419593811035156,53
132,2022-02-01 17:00:00 UTC,217.69244384765625,179
137,2022-02-01 17:00:00 UTC,99.322433471679688,124
138,2022-02-01 17:00:00 UTC,99.9635009765625,122
140,2022-02-01 17:00:00 UTC,222.79678344726562,230
141,2022-02-01 17:00:00 UTC,164.45016479492188,178
142,2022-02-01 17:00:00 UTC,206.65951538085938,191
143,2022-02-01 17:00:00 UTC,98.925033569335938,89
144,2022-02-01 17:00:00 UTC,38.135810852050781,42
145,2022-02-01 17:00:00 UTC,11.915943145751953,3
146,2022-02-01 17:00:00 UTC,6.06702184677124,3
148,2022-02-01 17:00:00 UTC,23.263872146606445,23
149,2022-02-01 17:00:00 UTC,13.908475875854492,1
151,2022-02-01 17:00:00 UTC,61.70025634765625,58
152,2022-02-01 17:00:00 UTC,9.5765762329101562,9
158,2022-02-01 17:00:00 UTC,22.075551986694336,29
161,2022-02-01 17:00:00 UTC,377.83984375,335
162,2022-02-01 17:00:00 UTC,273.92514038085938,334
163,2022-02-01 17:00:00 UTC,206.47686767578125,249
164,2022-02-01 17:00:00 UTC,134.44332885742188,135
166,2022-02-01 17:00:00 UTC,42.200180053710938,60
168,2022-02-01 17:00:00 UTC,6.8626680374145508,1
169,2022-02-01 17:00:00 UTC,6.06702184677124,1
170,2022-02-01 17:00:00 UTC,217.25381469726562,225
178,2022-02-01 17:00:00 UTC,13.908475875854492,1
186,2022-02-01 17:00:00 UTC,150.36871337890625,157
188,2022-02-01 17:00:00 UTC,6.06702184677124,1
193,2022-02-01 17:00:00 UTC,14.020317077636719,3
197,2022-02-01 17:00:00 UTC,6.06702184677124,1
209,2022-02-01 17:00:00 UTC,5.18915319442749,9
211,2022-02-01 17:00:00 UTC,38.622501373291016,30
217,2022-02-01 17:00:00 UTC,13.908475875854492,1
223,2022-02-01 17:00:00 UTC,6.3723855018615723,2
224,2022-02-01 17:00:00 UTC,5.1481266021728516,10
225,2022-02-01 17:00:00 UTC,6.8626680374145508,3
226,2022-02-01 17:00:00 UTC,6.0536379814147949,3
229,2022-02-01 17:00:00 UTC,115.0880126953125,131
23,2022-02-01 17:00:00 UTC,13.908475875854492,1
230,2022-02-01 17:00:00 UTC,208.55422973632812,227
231,2022-02-01 17:00:00 UTC,63.448490142822266,103
232,2022-02-01 17:00:00 UTC,5.1481266021728516,3
233,2022-02-01 17:00:00 UTC,76.675209045410156,84
234,2022-02-01 17:00:00 UTC,191.54061889648438,192
235,2022-02-01 17:00:00 UTC,6.06702184677124,1
236,2022-02-01 17:00:00 UTC,360.97222900390625,380
237,2022-02-01 17:00:00 UTC,367.32748413085938,425
238,2022-02-01 17:00:00 UTC,167.32908630371094,180
239,2022-02-01 17:00:00 UTC,197.56362915039062,195
24,2022-02-01 17:00:00 UTC,21.549823760986328,23
243,2022-02-01 17:00:00 UTC,4.352480411529541,1
244,2022-02-01 17:00:00 UTC,6.9181342124938965,6
246,2022-02-01 17:00:00 UTC,71.784271240234375,100
247,2022-02-01 17:00:00 UTC,6.06702184677124,1
249,2022-02-01 17:00:00 UTC,71.257553100585938,74
25,2022-02-01 17:00:00 UTC,6.06702184677124,2
256,2022-02-01 17:00:00 UTC,6.3723855018615723,1
26,2022-02-01 17:00:00 UTC,13.908475875854492,1
260,2022-02-01 17:00:00 UTC,6.06702184677124,1
261,2022-02-01 17:00:00 UTC,20.474031448364258,18
262,2022-02-01 17:00:00 UTC,88.771156311035156,92
263,2022-02-01 17:00:00 UTC,144.39505004882812,147
264,2022-02-01 17:00:00 UTC,40.9967155456543,48
265,2022-02-01 17:00:00 UTC,24.931241989135742,31
33,2022-02-01 17:00:00 UTC,6.3723855018615723,4
4,2022-02-01 17:00:00 UTC,6.0536379814147949,3
40,2022-02-01 17:00:00 UTC,6.06702184677124,2
41,2022-02-01 17:00:00 UTC,23.239376068115234,32
42,2022-02-01 17:00:00 UTC,12.871100425720215,9
43,2022-02-01 17:00:00 UTC,111.45731353759766,119
45,2022-02-01 17:00:00 UTC,8.1510524749755859,4
48,2022-02-01 17:00:00 UTC,119.36128997802734,143
49,2022-02-01 17:00:00 UTC,6.06702184677124,2
50,2022-02-01 17:00:00 UTC,37.547882080078125,49
52,2022-02-01 17:00:00 UTC,6.06702184677124,1
61,2022-02-01 17:00:00 UTC,6.3723855018615723,1
65,2022-02-01 17:00:00 UTC,5.9111027717590332,3
66,2022-02-01 17:00:00 UTC,6.3723855018615723,1
68,2022-02-01 17:00:00 UTC,119.36128997802734,141
69,2022-02-01 17:00:00 UTC,6.06702184677124,1
70,2022-02-01 17:00:00 UTC,23.170139312744141,31
72,2022-02-01 17:00:00 UTC,6.06702184677124,1
74,2022-02-01 17:00:00 UTC,18.985965728759766,25
75,2022-02-01 17:00:00 UTC,65.254951477050781,75
78,2022-02-01 17:00:00 UTC,6.06702184677124,1
79,2022-02-01 17:00:00 UTC,86.674873352050781,79
80,2022-02-01 17:00:00 UTC,6.06702184677124,3
87,2022-02-01 17:00:00 UTC,23.558933258056641,38
88,2022-02-01 17:00:00 UTC,15.428616523742676,18
90,2022-02-01 17:00:00 UTC,98.386390686035156,136
93,2022-02-01 17:00:00 UTC,6.3723855018615723,1
95,2022-02-01 17:00:00 UTC,6.3723855018615723,3
97,2022-02-01 17:00:00 UTC,6.06702184677124,2
10,2022-02-01 18:00:00 UTC,6.0536379814147949,1
100,2022-02-01 18:00:00 UTC,122.01731109619141,134
107,2022-02-01 18:00:00 UTC,163.65045166015625,216
108,2022-02-01 18:00:00 UTC,13.908475875854492,1
113,2022-02-01 18:00:00 UTC,70.589347839355469,105
114,2022-02-01 18:00:00 UTC,64.948379516601562,58
116,2022-02-01 18:00:00 UTC,5.18915319442749,5
12,2022-02-01 18:00:00 UTC,4.352480411529541,2
125,2022-02-01 18:00:00 UTC,25.549427032470703,39
129,2022-02-01 18:00:00 UTC,6.06702184677124,1
13,2022-02-01 18:00:00 UTC,41.589385986328125,60
132,2022-02-01 18:00:00 UTC,188.15327453613281,213
135,2022-02-01 18:00:00 UTC,13.908475875854492,1
137,2022-02-01 18:00:00 UTC,116.54240417480469,113
138,2022-02-01 18:00:00 UTC,125.85255432128906,134
140,2022-02-01 18:00:00 UTC,226.18260192871094,210
141,2022-02-01 18:00:00 UTC,197.751708984375,229
142,2022-02-01 18:00:00 UTC,213.03764343261719,232
143,2022-02-01 18:00:00 UTC,97.628311157226562,86
144,2022-02-01 18:00:00 UTC,40.688880920410156,51
145,2022-02-01 18:00:00 UTC,6.8626680374145508,4
146,2022-02-01 18:00:00 UTC,6.8626680374145508,2
148,2022-02-01 18:00:00 UTC,26.357440948486328,30
151,2022-02-01 18:00:00 UTC,55.198604583740234,74
152,2022-02-01 18:00:00 UTC,10.425268173217773,10
155,2022-02-01 18:00:00 UTC,6.06702184677124,1
158,2022-02-01 18:00:00 UTC,30.458328247070312,43
161,2022-02-01 18:00:00 UTC,362.92880249023438,299
162,2022-02-01 18:00:00 UTC,334.31906127929688,436
163,2022-02-01 18:00:00 UTC,244.46575927734375,311
164,2022-02-01 18:00:00 UTC,162.91175842285156,164
166,2022-02-01 18:00:00 UTC,61.175708770751953,54
170,2022-02-01 18:00:00 UTC,255.01797485351562,249
175,2022-02-01 18:00:00 UTC,13.908475875854492,1
181,2022-02-01 18:00:00 UTC,6.06702184677124,1
186,2022-02-01 18:00:00 UTC,169.00747680664062,198
189,2022-02-01 18:00:00 UTC,6.06702184677124,1
190,2022-02-01 18:00:00 UTC,14.80363655090332,1
193,2022-02-01 18:00:00 UTC,6.8626680374145508,6
198,2022-02-01 18:00:00 UTC,6.06702184677124,3
203,2022-02-01 18:00:00 UTC,13.908475875854492,1
209,2022-02-01 18:00:00 UTC,8.7964334487915039,16
21,2022-02-01 18:00:00 UTC,13.908475875854492,1
211,2022-02-01 18:00:00 UTC,26.340648651123047,49
212,2022-02-01 18:00:00 UTC,13.908475875854492,1
213,2022-02-01 18:00:00 UTC,6.06702184677124,1
216,2022-02-01 18:00:00 UTC,6.06702184677124,1
219,2022-02-01 18:00:00 UTC,6.3723855018615723,1
223,2022-02-01 18:00:00 UTC,6.3723855018615723,1
224,2022-02-01 18:00:00 UTC,11.653081893920898,17
226,2022-02-01 18:00:00 UTC,6.8626680374145508,2
229,2022-02-01 18:00:00 UTC,159.4715576171875,193
230,2022-02-01 18:00:00 UTC,244.68098449707031,230
231,2022-02-01 18:00:00 UTC,104.52130889892578,112
232,2022-02-01 18:00:00 UTC,5.1481266021728516,6
233,2022-02-01 18:00:00 UTC,88.771156311035156,140
234,2022-02-01 18:00:00 UTC,212.591552734375,237
236,2022-02-01 18:00:00 UTC,310.57818603515625,394
237,2022-02-01 18:00:00 UTC,359.21664428710938,445
238,2022-02-01 18:00:00 UTC,163.25717163085938,137
239,2022-02-01 18:00:00 UTC,187.05540466308594,170
24,2022-02-01 18:00:00 UTC,21.651338577270508,29
243,2022-02-01 18:00:00 UTC,4.352480411529541,1
244,2022-02-01 18:00:00 UTC,6.7070012092590332,2
246,2022-02-01 18:00:00 UTC,93.895263671875,156
248,2022-02-01 18:00:00 UTC,13.908475875854492,1
249,2022-02-01 18:00:00 UTC,81.203987121582031,101
25,2022-02-01 18:00:00 UTC,6.3723855018615723,2
250,2022-02-01 18:00:00 UTC,13.908475875854492,1
255,2022-02-01 18:00:00 UTC,7.5160317420959473,2
256,2022-02-01 18:00:00 UTC,5.863337516784668,2
259,2022-02-01 18:00:00 UTC,13.908475875854492,1
261,2022-02-01 18:00:00 UTC,20.474031448364258,33
262,2022-02-01 18:00:00 UTC,101.02132415771484,104
263,2022-02-01 18:00:00 UTC,143.06642150878906,169
264,2022-02-01 18:00:00 UTC,50.065620422363281,42
265,2022-02-01 18:00:00 UTC,26.790239334106445,22
33,2022-02-01 18:00:00 UTC,8.6094341278076172,4
4,2022-02-01 18:00:00 UTC,5.1481266021728516,8
40,2022-02-01 18:00:00 UTC,6.3723855018615723,1
41,2022-02-01 18:00:00 UTC,31.268539428710938,28
42,2022-02-01 18:00:00 UTC,8.7255477905273438,5
43,2022-02-01 18:00:00 UTC,111.85469818115234,90
45,2022-02-01 18:00:00 UTC,5.18915319442749,11
48,2022-02-01 18:00:00 UTC,159.1400146484375,175
49,2022-02-01 18:00:00 UTC,6.3723855018615723,1
50,2022-02-01 18:00:00 UTC,44.340507507324219,67
61,2022-02-01 18:00:00 UTC,6.06702184677124,3
65,2022-02-01 18:00:00 UTC,6.8626680374145508,6
66,2022-02-01 18:00:00 UTC,6.06702184677124,2
68,2022-02-01 18:00:00 UTC,159.00938415527344,180
69,2022-02-01 18:00:00 UTC,6.06702184677124,1
70,2022-02-01 18:00:00 UTC,25.790571212768555,6
74,2022-02-01 18:00:00 UTC,22.862363815307617,25
75,2022-02-01 18:00:00 UTC,71.257553100585938,65
78,2022-02-01 18:00:00 UTC,6.06702184677124,1
79,2022-02-01 18:00:00 UTC,88.465225219726562,113
87,2022-02-01 18:00:00 UTC,36.863491058349609,52
88,2022-02-01 18:00:00 UTC,16.909248352050781,17
89,2022-02-01 18:00:00 UTC,6.3723855018615723,3
90,2022-02-01 18:00:00 UTC,118.65695953369141,133
93,2022-02-01 18:00:00 UTC,6.06702184677124,1
97,2022-02-01 18:00:00 UTC,6.3723855018615723,1
100,2022-02-01 19:00:00 UTC,91.0791244506836,129
107,2022-02-01 19:00:00 UTC,174.29281616210938,151
113,2022-02-01 19:00:00 UTC,98.074203491210938,89
114,2022-02-01 19:00:00 UTC,53.533123016357422,58
116,2022-02-01 19:00:00 UTC,6.0536379814147949,4
125,2022-02-01 19:00:00 UTC,33.903732299804688,22
13,2022-02-01 19:00:00 UTC,47.22650146484375,55
132,2022-02-01 19:00:00 UTC,202.26713562011719,251
137,2022-02-01 19:00:00 UTC,98.029861450195312,119
138,2022-02-01 19:00:00 UTC,116.48506164550781,163
140,2022-02-01 19:00:00 UTC,168.93409729003906,151
141,2022-02-01 19:00:00 UTC,186.7281494140625,160
142,2022-02-01 19:00:00 UTC,218.47532653808594,196
143,2022-02-01 19:00:00 UTC,87.604522705078125,70
144,2022-02-01 19:00:00 UTC,44.256717681884766,54
145,2022-02-01 19:00:00 UTC,7.5570583343505859,1
146,2022-02-01 19:00:00 UTC,6.3723855018615723,2
148,2022-02-01 19:00:00 UTC,20.728899002075195,19
151,2022-02-01 19:00:00 UTC,59.502269744873047,54
152,2022-02-01 19:00:00 UTC,8.3029870986938477,5
154,2022-02-01 19:00:00 UTC,12.810538291931152,1
158,2022-02-01 19:00:00 UTC,36.884300231933594,26
161,2022-02-01 19:00:00 UTC,253.3167724609375,345
162,2022-02-01 19:00:00 UTC,348.08370971679688,374
163,2022-02-01 19:00:00 UTC,278.524658203125,242
164,2022-02-01 19:00:00 UTC,147.09019470214844,155
166,2022-02-01 19:00:00 UTC,47.471664428710938,46
17,2022-02-01 19:00:00 UTC,6.06702184677124,1
170,2022-02-01 19:00:00 UTC,203.54322814941406,229
186,2022-02-01 19:00:00 UTC,170.59628295898438,190
190,2022-02-01 19:00:00 UTC,12.810538291931152,1
193,2022-02-01 19:00:00 UTC,5.8499536514282227,2
197,2022-02-01 19:00:00 UTC,6.06702184677124,1
209,2022-02-01 19:00:00 UTC,16.552520751953125,4
211,2022-02-01 19:00:00 UTC,39.038356781005859,40
213,2022-02-01 19:00:00 UTC,6.06702184677124,1
215,2022-02-01 19:00:00 UTC,6.06702184677124,2
224,2022-02-01 19:00:00 UTC,16.552520751953125,1
225,2022-02-01 19:00:00 UTC,6.8626680374145508,1
226,2022-02-01 19:00:00 UTC,6.3723855018615723,1
229,2022-02-01 19:00:00 UTC,152.38868713378906,153
230,2022-02-01 19:00:00 UTC,175.27708435058594,220
231,2022-02-01 19:00:00 UTC,83.3126449584961,100
232,2022-02-01 19:00:00 UTC,5.8499536514282227,6
233,2022-02-01 19:00:00 UTC,107.56178283691406,67
234,2022-02-01 19:00:00 UTC,202.68180847167969,199
236,2022-02-01 19:00:00 UTC,241.12626647949219,230
237,2022-02-01 19:00:00 UTC,307.1531982421875,337
238,2022-02-01 19:00:00 UTC,140.81468200683594,113
239,2022-02-01 19:00:00 UTC,143.7681884765625,190
24,2022-02-01 19:00:00 UTC,19.000797271728516,18
244,2022-02-01 19:00:00 UTC,4.4541592597961426,4
246,2022-02-01 19:00:00 UTC,118.32744598388672,77
247,2022-02-01 19:00:00 UTC,6.06702184677124,1
248,2022-02-01 19:00:00 UTC,12.810538291931152,1
249,2022-02-01 19:00:00 UTC,89.8451156616211,105
25,2022-02-01 19:00:00 UTC,6.3723855018615723,5
256,2022-02-01 19:00:00 UTC,6.3723855018615723,1
260,2022-02-01 19:00:00 UTC,6.06702184677124,1
261,2022-02-01 19:00:00 UTC,26.091835021972656,26
262,2022-02-01 19:00:00 UTC,106.64720916748047,69
263,2022-02-01 19:00:00 UTC,126.05175018310547,144
264,2022-02-01 19:00:00 UTC,40.624973297119141,61
265,2022-02-01 19:00:00 UTC,19.255184173583984,10
33,2022-02-01 19:00:00 UTC,6.9036946296691895,3
4,2022-02-01 19:00:00 UTC,7.5745944976806641,3
41,2022-02-01 19:00:00 UTC,18.377227783203125,11
42,2022-02-01 19:00:00 UTC,4.02373743057251,3
43,2022-02-01 19:00:00 UTC,71.459724426269531,68
45,2022-02-01 19:00:00 UTC,13.887438774108887,6
48,2022-02-01 19:00:00 UTC,144.177978515625,173
50,2022-02-01 19:00:00 UTC,52.113307952880859,35
51,2022-02-01 19:00:00 UTC,6.06702184677124,1
61,2022-02-01 19:00:00 UTC,6.8626680374145508,1
65,2022-02-01 19:00:00 UTC,6.0536379814147949,2
68,2022-02-01 19:00:00 UTC,167.5118408203125,192
7,2022-02-01 19:00:00 UTC,6.3723855018615723,2
70,2022-02-01 19:00:00 UTC,12.559025764465332,23
74,2022-02-01 19:00:00 UTC,16.675237655639648,13
75,2022-02-01 19:00:00 UTC,50.284713745117188,47
79,2022-02-01 19:00:00 UTC,93.401374816894531,102
87,2022-02-01 19:00:00 UTC,43.261253356933594,37
88,2022-02-01 19:00:00 UTC,14.670247077941895,18
90,2022-02-01 19:00:00 UTC,115.94879913330078,130
92,2022-02-01 19:00:00 UTC,12.810538291931152,1
93,2022-02-01 19:00:00 UTC,6.06702184677124,1
97,2022-02-01 19:00:00 UTC,6.06702184677124,3
10,2022-02-01 20:00:00 UTC,6.06702184677124,1
100,2022-02-01 20:00:00 UTC,88.236656188964844,65
107,2022-02-01 20:00:00 UTC,113.42684173583984,122
112,2022-02-01 20:00:00 UTC,6.06702184677124,1
113,2022-02-01 20:00:00 UTC,71.459724426269531,76
114,2022-02-01 20:00:00 UTC,51.262039184570312,70
116,2022-02-01 20:00:00 UTC,5.18915319442749,2
12,2022-02-01 20:00:00 UTC,4.657844066619873,1
125,2022-02-01 20:00:00 UTC,17.86768913269043,14
127,2022-02-01 20:00:00 UTC,5.1481266021728516,1
129,2022-02-01 20:00:00 UTC,6.06702184677124,1
13,2022-02-01 20:00:00 UTC,45.8039665222168,29
132,2022-02-01 20:00:00 UTC,217.26722717285156,184
134,2022-02-01 20:00:00 UTC,6.06702184677124,2
136,2022-02-01 20:00:00 UTC,6.06702184677124,1
137,2022-02-01 20:00:00 UTC,107.19577026367188,75
138,2022-02-01 20:00:00 UTC,138.96916198730469,90
140,2022-02-01 20:00:00 UTC,116.19866180419922,86
141,2022-02-01 20:00:00 UTC,136.04682922363281,133
142,2022-02-01 20:00:00 UTC,166.93641662597656,143
143,2022-02-01 20:00:00 UTC,67.098480224609375,35
144,2022-02-01 20:00:00 UTC,47.471664428710938,38
148,2022-02-01 20:00:00 UTC,18.737737655639648,31
151,2022-02-01 20:00:00 UTC,48.313602447509766,32
158,2022-02-01 20:00:00 UTC,24.944766998291016,24
159,2022-02-01 20:00:00 UTC,6.06702184677124,1
161,2022-02-01 20:00:00 UTC,283.66549682617188,289
162,2022-02-01 20:00:00 UTC,221.73098754882812,239
163,2022-02-01 20:00:00 UTC,163.33053588867188,181
164,2022-02-01 20:00:00 UTC,127.74793243408203,111
165,2022-02-01 20:00:00 UTC,6.06702184677124,1
166,2022-02-01 20:00:00 UTC,37.271793365478516,34
169,2022-02-01 20:00:00 UTC,6.06702184677124,1
170,2022-02-01 20:00:00 UTC,180.36941528320312,132
181,2022-02-01 20:00:00 UTC,6.06702184677124,5
185,2022-02-01 20:00:00 UTC,11.825725555419922,1
186,2022-02-01 20:00:00 UTC,148.54133605957031,155
193,2022-02-01 20:00:00 UTC,6.3723855018615723,1
205,2022-02-01 20:00:00 UTC,6.06702184677124,2
209,2022-02-01 20:00:00 UTC,5.18915319442749,6
211,2022-02-01 20:00:00 UTC,34.481246948242188,35
217,2022-02-01 20:00:00 UTC,11.825725555419922,1
224,2022-02-01 20:00:00 UTC,5.9587054252624512,4
226,2022-02-01 20:00:00 UTC,6.06702184677124,2
228,2022-02-01 20:00:00 UTC,6.06702184677124,2
229,2022-02-01 20:00:00 UTC,117.41149139404297,95
230,2022-02-01 20:00:00 UTC,180.36941528320312,194
231,2022-02-01 20:00:00 UTC,74.024642944335938,54
232,2022-02-01 20:00:00 UTC,6.0536379814147949,3
233,2022-02-01 20:00:00 UTC,49.349422454833984,66
234,2022-02-01 20:00:00 UTC,159.70201110839844,182
236,2022-02-01 20:00:00 UTC,165.6016845703125,151
237,2022-02-01 20:00:00 UTC,255.95986938476562,229
238,2022-02-01 20:00:00 UTC,98.885322570800781,81
239,2022-02-01 20:00:00 UTC,138.319580078125,109
24,2022-02-01 20:00:00 UTC,14.643960952758789,8
244,2022-02-01 20:00:00 UTC,5.8425164222717285,3
246,2022-02-01 20:00:00 UTC,72.094963073730469,80
249,2022-02-01 20:00:00 UTC,94.229316711425781,107
25,2022-02-01 20:00:00 UTC,6.0536379814147949,1
261,2022-02-01 20:00:00 UTC,21.421224594116211,20
262,2022-02-01 20:00:00 UTC,70.307975769042969,33
263,2022-02-01 20:00:00 UTC,105.89606475830078,111
264,2022-02-01 20:00:00 UTC,55.569229125976562,54
265,2022-02-01 20:00:00 UTC,10.129875183105469,7
28,2022-02-01 20:00:00 UTC,6.8626680374145508,1
33,2022-02-01 20:00:00 UTC,6.6589837074279785,2
41,2022-02-01 20:00:00 UTC,11.569185256958008,8
42,2022-02-01 20:00:00 UTC,3.0350937843322754,4
43,2022-02-01 20:00:00 UTC,66.3407211303711,79
45,2022-02-01 20:00:00 UTC,5.8499536514282227,11
48,2022-02-01 20:00:00 UTC,147.5743408203125,122
50,2022-02-01 20:00:00 UTC,26.220657348632812,17
52,2022-02-01 20:00:00 UTC,6.06702184677124,1
62,2022-02-01 20:00:00 UTC,6.06702184677124,1
65,2022-02-01 20:00:00 UTC,6.3723855018615723,1
66,2022-02-01 20:00:00 UTC,6.3723855018615723,1
68,2022-02-01 20:00:00 UTC,143.9169921875,155
69,2022-02-01 20:00:00 UTC,6.06702184677124,2
7,2022-02-01 20:00:00 UTC,6.3723855018615723,3
70,2022-02-01 20:00:00 UTC,18.292819976806641,29
74,2022-02-01 20:00:00 UTC,11.359231948852539,10
75,2022-02-01 20:00:00 UTC,37.923519134521484,19
78,2022-02-01 20:00:00 UTC,6.06702184677124,1
79,2022-02-01 20:00:00 UTC,81.315093994140625,111
80,2022-02-01 20:00:00 UTC,6.8626680374145508,1
87,2022-02-01 20:00:00 UTC,29.621828079223633,22
88,2022-02-01 20:00:00 UTC,17.587072372436523,13
90,2022-02-01 20:00:00 UTC,115.94879913330078,92
97,2022-02-01 20:00:00 UTC,6.8626680374145508,2
100,2022-02-01 21:00:00 UTC,61.1223030090332,65
107,2022-02-01 21:00:00 UTC,93.072235107421875,108
108,2022-02-01 21:00:00 UTC,11.825725555419922,1
112,2022-02-01 21:00:00 UTC,6.06702184677124,1
113,2022-02-01 21:00:00 UTC,75.3803939819336,61
114,2022-02-01 21:00:00 UTC,58.879379272460938,83
116,2022-02-01 21:00:00 UTC,5.801490306854248,2
12,2022-02-01 21:00:00 UTC,4.352480411529541,1
125,2022-02-01 21:00:00 UTC,12.393460273742676,32
126,2022-02-01 21:00:00 UTC,11.825725555419922,1
129,2022-02-01 21:00:00 UTC,6.06702184677124,1
13,2022-02-01 21:00:00 UTC,23.442068099975586,15
132,2022-02-01 21:00:00 UTC,174.12385559082031,186
137,2022-02-01 21:00:00 UTC,76.7677993774414,46
138,2022-02-01 21:00:00 UTC,88.8612060546875,161
140,2022-02-01 21:00:00 UTC,69.4432601928711,67
141,2022-02-01 21:00:00 UTC,125.23991394042969,127
142,2022-02-01 21:00:00 UTC,137.35722351074219,238
143,2022-02-01 21:00:00 UTC,28.853614807128906,28
144,2022-02-01 21:00:00 UTC,35.573383331298828,53
145,2022-02-01 21:00:00 UTC,6.06702184677124,1
146,2022-02-01 21:00:00 UTC,6.3723855018615723,1
148,2022-02-01 21:00:00 UTC,22.298587799072266,31
151,2022-02-01 21:00:00 UTC,30.016838073730469,19
152,2022-02-01 21:00:00 UTC,6.0536379814147949,1
153,2022-02-01 21:00:00 UTC,10.111184120178223,1
158,2022-02-01 21:00:00 UTC,19.847177505493164,40
161,2022-02-01 21:00:00 UTC,210.53814697265625,204
162,2022-02-01 21:00:00 UTC,181.98004150390625,199
163,2022-02-01 21:00:00 UTC,142.94613647460938,158
164,2022-02-01 21:00:00 UTC,96.7720947265625,129
166,2022-02-01 21:00:00 UTC,29.023382186889648,28
170,2022-02-01 21:00:00 UTC,99.4198989868164,169
181,2022-02-01 21:00:00 UTC,5.3991794586181641,1
186,2022-02-01 21:00:00 UTC,137.22053527832031,162
193,2022-02-01 21:00:00 UTC,5.863337516784668,2
209,2022-02-01 21:00:00 UTC,5.8499536514282227,7
210,2022-02-01 21:00:00 UTC,6.06702184677124,1
211,2022-02-01 21:00:00 UTC,29.260854721069336,31
215,2022-02-01 21:00:00 UTC,6.3723855018615723,1
216,2022-02-01 21:00:00 UTC,6.06702184677124,1
223,2022-02-01 21:00:00 UTC,6.06702184677124,3
224,2022-02-01 21:00:00 UTC,6.894892692565918,5
225,2022-02-01 21:00:00 UTC,6.06702184677124,1
226,2022-02-01 21:00:00 UTC,7.5160317420959473,2
229,2022-02-01 21:00:00 UTC,89.460205078125,109
230,2022-02-01 21:00:00 UTC,188.91615295410156,185
231,2022-02-01 21:00:00 UTC,48.313602447509766,63
232,2022-02-01 21:00:00 UTC,5.1481266021728516,2
233,2022-02-01 21:00:00 UTC,49.349422454833984,54
234,2022-02-01 21:00:00 UTC,140.71815490722656,166
236,2022-02-01 21:00:00 UTC,132.12437438964844,98
237,2022-02-01 21:00:00 UTC,214.57138061523438,237
238,2022-02-01 21:00:00 UTC,72.384231567382812,72
239,2022-02-01 21:00:00 UTC,100.05597686767578,93
24,2022-02-01 21:00:00 UTC,6.3248367309570312,12
246,2022-02-01 21:00:00 UTC,55.072284698486328,62
249,2022-02-01 21:00:00 UTC,109.23899078369141,124
25,2022-02-01 21:00:00 UTC,6.06702184677124,3
255,2022-02-01 21:00:00 UTC,6.168701171875,1
256,2022-02-01 21:00:00 UTC,6.06702184677124,1
261,2022-02-01 21:00:00 UTC,18.733339309692383,10
262,2022-02-01 21:00:00 UTC,36.060211181640625,27
263,2022-02-01 21:00:00 UTC,91.5018539428711,80
264,2022-02-01 21:00:00 UTC,53.587661743164062,54
265,2022-02-01 21:00:00 UTC,9.168147087097168,3
33,2022-02-01 21:00:00 UTC,6.3723855018615723,2
4,2022-02-01 21:00:00 UTC,5.1481266021728516,4
41,2022-02-01 21:00:00 UTC,7.6993517875671387,6
42,2022-02-01 21:00:00 UTC,3.8887598514556885,5
43,2022-02-01 21:00:00 UTC,77.049308776855469,52
45,2022-02-01 21:00:00 UTC,11.030790328979492,11
46,2022-02-01 21:00:00 UTC,11.825725555419922,1
48,2022-02-01 21:00:00 UTC,133.25016784667969,205
50,2022-02-01 21:00:00 UTC,13.45803165435791,24
64,2022-02-01 21:00:00 UTC,11.825725555419922,1
66,2022-02-01 21:00:00 UTC,6.06702184677124,2
68,2022-02-01 21:00:00 UTC,127.32120513916016,149
7,2022-02-01 21:00:00 UTC,6.6589837074279785,3
70,2022-02-01 21:00:00 UTC,19.785606384277344,7
74,2022-02-01 21:00:00 UTC,10.129875183105469,5
75,2022-02-01 21:00:00 UTC,17.587072372436523,14
79,2022-02-01 21:00:00 UTC,100.99074554443359,138
80,2022-02-01 21:00:00 UTC,6.06702184677124,1
87,2022-02-01 21:00:00 UTC,17.052249908447266,23
88,2022-02-01 21:00:00 UTC,14.195870399475098,7
89,2022-02-01 21:00:00 UTC,6.8626680374145508,1
90,2022-02-01 21:00:00 UTC,77.392242431640625,91
97,2022-02-01 21:00:00 UTC,6.3723855018615723,2
10,2022-02-01 22:00:00 UTC,6.06702184677124,1
100,2022-02-01 22:00:00 UTC,62.944408416748047,69
107,2022-02-01 22:00:00 UTC,98.209304809570312,121
113,2022-02-01 22:00:00 UTC,55.60064697265625,74
114,2022-02-01 22:00:00 UTC,57.511611938476562,82
116,2022-02-01 22:00:00 UTC,4.657844066619873,2
12,2022-02-01 22:00:00 UTC,4.352480411529541,1
125,2022-02-01 22:00:00 UTC,27.035129547119141,33
13,2022-02-01 22:00:00 UTC,21.051753997802734,15
132,2022-02-01 22:00:00 UTC,165.1064453125,158
137,2022-02-01 22:00:00 UTC,39.609870910644531,46
138,2022-02-01 22:00:00 UTC,139.09056091308594,87
139,2022-02-01 22:00:00 UTC,11.825725555419922,1
140,2022-02-01 22:00:00 UTC,48.827709197998047,36
141,2022-02-01 22:00:00 UTC,88.811805725097656,74
142,2022-02-01 22:00:00 UTC,210.73712158203125,155
143,2022-02-01 22:00:00 UTC,23.679540634155273,19
144,2022-02-01 22:00:00 UTC,47.471664428710938,56
145,2022-02-01 22:00:00 UTC,6.06702184677124,2
148,2022-02-01 22:00:00 UTC,23.442068099975586,44
151,2022-02-01 22:00:00 UTC,16.266494750976562,12
158,2022-02-01 22:00:00 UTC,33.810825347900391,41
161,2022-02-01 22:00:00 UTC,153.67568969726562,206
162,2022-02-01 22:00:00 UTC,165.17155456542969,150
163,2022-02-01 22:00:00 UTC,135.71435546875,149
164,2022-02-01 22:00:00 UTC,119.79454803466797,107
166,2022-02-01 22:00:00 UTC,21.287937164306641,9
169,2022-02-01 22:00:00 UTC,6.06702184677124,1
170,2022-02-01 22:00:00 UTC,117.89014434814453,134
179,2022-02-01 22:00:00 UTC,6.3723855018615723,1
186,2022-02-01 22:00:00 UTC,142.97970581054688,144
193,2022-02-01 22:00:00 UTC,6.168701171875,3
209,2022-02-01 22:00:00 UTC,6.2805266380310059,10
211,2022-02-01 22:00:00 UTC,20.728899002075195,51
224,2022-02-01 22:00:00 UTC,5.8499536514282227,10
226,2022-02-01 22:00:00 UTC,6.3723855018615723,3
229,2022-02-01 22:00:00 UTC,85.448623657226562,77
230,2022-02-01 22:00:00 UTC,191.08807373046875,199
231,2022-02-01 22:00:00 UTC,53.950710296630859,55
232,2022-02-01 22:00:00 UTC,4.657844066619873,4
233,2022-02-01 22:00:00 UTC,40.8480339050293,46
234,2022-02-01 22:00:00 UTC,140.12141418457031,127
236,2022-02-01 22:00:00 UTC,81.855377197265625,91
237,2022-02-01 22:00:00 UTC,235.38301086425781,142
238,2022-02-01 22:00:00 UTC,59.362052917480469,54
239,2022-02-01 22:00:00 UTC,77.392242431640625,81
24,2022-02-01 22:00:00 UTC,9.6523971557617188,5
243,2022-02-01 22:00:00 UTC,4.352480411529541,1
244,2022-02-01 22:00:00 UTC,5.1481266021728516,2
246,2022-02-01 22:00:00 UTC,50.735767364501953,46
249,2022-02-01 22:00:00 UTC,127.68260955810547,140
25,2022-02-01 22:00:00 UTC,6.8626680374145508,3
261,2022-02-01 22:00:00 UTC,12.844738006591797,16
262,2022-02-01 22:00:00 UTC,24.300342559814453,11
263,2022-02-01 22:00:00 UTC,71.762786865234375,75
264,2022-02-01 22:00:00 UTC,46.476200103759766,34
265,2022-02-01 22:00:00 UTC,3.84773325920105,10
33,2022-02-01 22:00:00 UTC,6.3723855018615723,2
37,2022-02-01 22:00:00 UTC,6.3723855018615723,1
39,2022-02-01 22:00:00 UTC,6.06702184677124,1
4,2022-02-01 22:00:00 UTC,4.98546838760376,4
41,2022-02-01 22:00:00 UTC,8.7375736236572266,3
42,2022-02-01 22:00:00 UTC,4.7532448768615723,1
43,2022-02-01 22:00:00 UTC,44.340885162353516,41
45,2022-02-01 22:00:00 UTC,11.60724925994873,13
48,2022-02-01 22:00:00 UTC,185.22650146484375,192
49,2022-02-01 22:00:00 UTC,6.06702184677124,1
50,2022-02-01 22:00:00 UTC,19.598466873168945,19
61,2022-02-01 22:00:00 UTC,6.06702184677124,1
65,2022-02-01 22:00:00 UTC,6.06702184677124,1
67,2022-02-01 22:00:00 UTC,11.825725555419922,1
68,2022-02-01 22:00:00 UTC,130.51432800292969,119
7,2022-02-01 22:00:00 UTC,6.8626680374145508,5
70,2022-02-01 22:00:00 UTC,12.004785537719727,14
74,2022-02-01 22:00:00 UTC,4.549560546875,4
75,2022-02-01 22:00:00 UTC,11.574272155761719,12
76,2022-02-01 22:00:00 UTC,6.06702184677124,1
79,2022-02-01 22:00:00 UTC,125.53141021728516,187
87,2022-02-01 22:00:00 UTC,16.407035827636719,20
88,2022-02-01 22:00:00 UTC,7.1375746726989746,5
90,2022-02-01 22:00:00 UTC,79.210128784179688,81
93,2022-02-01 22:00:00 UTC,6.06702184677124,1
97,2022-02-01 22:00:00 UTC,6.3723855018615723,3
100,2022-02-01 23:00:00 UTC,55.424961090087891,39
107,2022-02-01 23:00:00 UTC,81.281364440917969,57
113,2022-02-01 23:00:00 UTC,49.806987762451172,50
114,2022-02-01 23:00:00 UTC,70.00933837890625,57
116,2022-02-01 23:00:00 UTC,2.9043958187103271,2
123,2022-02-01 23:00:00 UTC,9.5635595321655273,1
125,2022-02-01 23:00:00 UTC,27.066198348999023,16
13,2022-02-01 23:00:00 UTC,20.294677734375,5
132,2022-02-01 23:00:00 UTC,185.37548828125,122
137,2022-02-01 23:00:00 UTC,36.3120231628418,29
138,2022-02-01 23:00:00 UTC,82.795379638671875,127
140,2022-02-01 23:00:00 UTC,27.375333786010742,20
141,2022-02-01 23:00:00 UTC,55.185520172119141,50
142,2022-02-01 23:00:00 UTC,114.58602142333984,78
143,2022-02-01 23:00:00 UTC,15.833622932434082,9
144,2022-02-01 23:00:00 UTC,42.435504913330078,26
145,2022-02-01 23:00:00 UTC,5.7625837326049805,3
146,2022-02-01 23:00:00 UTC,4.3135738372802734,1
148,2022-02-01 23:00:00 UTC,34.519504547119141,30
151,2022-02-01 23:00:00 UTC,11.903642654418945,5
152,2022-02-01 23:00:00 UTC,2.3953473567962646,3
158,2022-02-01 23:00:00 UTC,34.42413330078125,28
161,2022-02-01 23:00:00 UTC,116.32687377929688,107
162,2022-02-01 23:00:00 UTC,110.30280303955078,77
163,2022-02-01 23:00:00 UTC,96.764358520507812,102
164,2022-02-01 23:00:00 UTC,74.599555969238281,60
166,2022-02-01 23:00:00 UTC,6.345855712890625,11
17,2022-02-01 23:00:00 UTC,4.3135738372802734,1
170,2022-02-01 23:00:00 UTC,78.996246337890625,71
179,2022-02-01 23:00:00 UTC,4.3135738372802734,1
181,2022-02-01 23:00:00 UTC,4.3135738372802734,2
186,2022-02-01 23:00:00 UTC,116.54302215576172,111
205,2022-02-01 23:00:00 UTC,4.6189374923706055,1
211,2022-02-01 23:00:00 UTC,35.1727294921875,22
212,2022-02-01 23:00:00 UTC,9.5635595321655273,1
216,2022-02-01 23:00:00 UTC,4.3135738372802734,1
220,2022-02-01 23:00:00 UTC,4.3135738372802734,1
224,2022-02-01 23:00:00 UTC,4.5039315223693848,5
226,2022-02-01 23:00:00 UTC,5.109220027923584,2
228,2022-02-01 23:00:00 UTC,4.6189374923706055,1
229,2022-02-01 23:00:00 UTC,50.986499786376953,43
230,2022-02-01 23:00:00 UTC,116.89703369140625,151
231,2022-02-01 23:00:00 UTC,41.523994445800781,29
232,2022-02-01 23:00:00 UTC,3.4357049465179443,1
233,2022-02-01 23:00:00 UTC,35.249103546142578,30
234,2022-02-01 23:00:00 UTC,93.987289428710938,78
236,2022-02-01 23:00:00 UTC,60.922428131103516,44
237,2022-02-01 23:00:00 UTC,114.08695220947266,84
238,2022-02-01 23:00:00 UTC,37.561737060546875,30
239,2022-02-01 23:00:00 UTC,47.414421081542969,29
24,2022-02-01 23:00:00 UTC,4.549560546875,5
243,2022-02-01 23:00:00 UTC,2.5990321636199951,3
244,2022-02-01 23:00:00 UTC,2.9043958187103271,1
246,2022-02-01 23:00:00 UTC,33.205116271972656,23
247,2022-02-01 23:00:00 UTC,4.3135738372802734,1
249,2022-02-01 23:00:00 UTC,109.00966644287109,105
256,2022-02-01 23:00:00 UTC,4.3135738372802734,3
260,2022-02-01 23:00:00 UTC,4.3135738372802734,1
261,2022-02-01 23:00:00 UTC,11.54753303527832,9
262,2022-02-01 23:00:00 UTC,11.933704376220703,13
263,2022-02-01 23:00:00 UTC,48.208179473876953,56
264,2022-02-01 23:00:00 UTC,28.072935104370117,41
265,2022-02-01 23:00:00 UTC,6.3380451202392578,3
33,2022-02-01 23:00:00 UTC,4.6189374923706055,2
4,2022-02-01 23:00:00 UTC,3.4357049465179443,3
41,2022-02-01 23:00:00 UTC,3.84773325920105,3
43,2022-02-01 23:00:00 UTC,24.776296615600586,20
45,2022-02-01 23:00:00 UTC,9.8538007736206055,6
48,2022-02-01 23:00:00 UTC,140.304931640625,138
49,2022-02-01 23:00:00 UTC,4.3135738372802734,2
50,2022-02-01 23:00:00 UTC,16.924228668212891,10
51,2022-02-01 23:00:00 UTC,4.3135738372802734,1
66,2022-02-01 23:00:00 UTC,4.6189374923706055,1
68,2022-02-01 23:00:00 UTC,92.002494812011719,82
70,2022-02-01 23:00:00 UTC,12.608599662780762,31
74,2022-02-01 23:00:00 UTC,3.685075044631958,4
75,2022-02-01 23:00:00 UTC,11.359231948852539,7
79,2022-02-01 23:00:00 UTC,133.55757141113281,93
87,2022-02-01 23:00:00 UTC,16.018476486206055,12
88,2022-02-01 23:00:00 UTC,4.3001899719238281,8
90,2022-02-01 23:00:00 UTC,69.923385620117188,61
92,2022-02-01 23:00:00 UTC,9.5635595321655273,1
97,2022-02-01 23:00:00 UTC,5.109220027923584,2
